site_id,latitude,longitude,grid_site_status
FILL_37_0417N_102_0417W,37.0417,-102.0417,restored_grid_site
FILL_37_0417N_101_9584W,37.0417,-101.9584,restored_grid_site
FILL_37_0417N_101_8751W,37.0417,-101.8751,restored_grid_site
FILL_37_0417N_101_7918W,37.0417,-101.7918,restored_grid_site
FILL_37_0417N_101_7085W,37.0417,-101.7085,restored_grid_site
FILL_37_0417N_101_6252W,37.0417,-101.6252,restored_grid_site
FILL_37_0417N_101_5419W,37.0417,-101.5419,restored_grid_site
FILL_37_0417N_101_4586W,37.0417,-101.4586,restored_grid_site
FILL_37_0417N_101_3753W,37.0417,-101.3753,restored_grid_site
FILL_37_0417N_101_2920W,37.0417,-101.292,restored_grid_site
FILL_37_0417N_101_2087W,37.0417,-101.2087,restored_grid_site
37_0417N_101_1250W,37.0417,-101.125,observed_grid_site
37_0417N_101_0417W,37.0417,-101.0417,observed_grid_site
37_0417N_100_9583W,37.0417,-100.9583,observed_grid_site
37_0417N_100_8750W,37.0417,-100.875,observed_grid_site
37_0417N_100_7917W,37.0417,-100.7917,observed_grid_site
37_0417N_100_7083W,37.0417,-100.7083,observed_grid_site
37_0417N_100_6250W,37.0417,-100.625,observed_grid_site
37_0417N_100_5417W,37.0417,-100.5417,observed_grid_site
37_0417N_100_4583W,37.0417,-100.4583,observed_grid_site
37_0417N_100_3750W,37.0417,-100.375,observed_grid_site
37_0417N_100_2917W,37.0417,-100.2917,observed_grid_site
37_0417N_100_2083W,37.0417,-100.2083,observed_grid_site
FILL_37_0417N_100_1258W,37.0417,-100.1258,restored_grid_site
FILL_37_0417N_100_0425W,37.0417,-100.0425,restored_grid_site
FILL_37_0417N_099_9592W,37.0417,-99.9592,restored_grid_site
FILL_37_0417N_099_8759W,37.0417,-99.8759,restored_grid_site
FILL_37_0417N_099_7926W,37.0417,-99.7926,restored_grid_site
FILL_37_0417N_099_7093W,37.0417,-99.7093,restored_grid_site
FILL_37_0417N_099_6260W,37.0417,-99.626,restored_grid_site
FILL_37_0417N_099_5427W,37.0417,-99.5427,restored_grid_site
37_0417N_099_4583W,37.0417,-99.4583,observed_grid_site
37_0417N_099_3750W,37.0417,-99.375,observed_grid_site
37_0417N_099_2917W,37.0417,-99.2917,observed_grid_site
37_0417N_099_2083W,37.0417,-99.2083,observed_grid_site
37_0417N_099_1250W,37.0417,-99.125,observed_grid_site
37_0417N_099_0417W,37.0417,-99.0417,observed_grid_site
37_0417N_098_9583W,37.0417,-98.9583,observed_grid_site
37_0417N_098_8750W,37.0417,-98.875,observed_grid_site
37_0417N_098_7917W,37.0417,-98.7917,observed_grid_site
37_0417N_098_7083W,37.0417,-98.7083,observed_grid_site
37_0417N_098_6250W,37.0417,-98.625,observed_grid_site
37_0417N_098_5417W,37.0417,-98.5417,observed_grid_site
37_0417N_098_4583W,37.0417,-98.4583,observed_grid_site
37_0417N_098_3750W,37.0417,-98.375,observed_grid_site
FILL_37_0417N_098_2932W,37.0417,-98.2932,restored_grid_site
FILL_37_0417N_098_2099W,37.0417,-98.2099,restored_grid_site
FILL_37_0417N_098_1266W,37.0417,-98.1266,restored_grid_site
FILL_37_0417N_098_0433W,37.0417,-98.0433,restored_grid_site
FILL_37_0417N_097_9600W,37.0417,-97.96,restored_grid_site
FILL_37_0417N_097_8767W,37.0417,-97.8767,restored_grid_site
37_0417N_097_7917W,37.0417,-97.7917,observed_grid_site
37_0417N_097_7083W,37.0417,-97.7083,observed_grid_site
37_0417N_097_6250W,37.0417,-97.625,observed_grid_site
37_0417N_097_5417W,37.0417,-97.5417,observed_grid_site
37_0417N_097_4583W,37.0417,-97.4583,observed_grid_site
37_0417N_097_3750W,37.0417,-97.375,observed_grid_site
37_0417N_097_2917W,37.0417,-97.2917,observed_grid_site
37_0417N_097_2083W,37.0417,-97.2083,observed_grid_site
37_0417N_097_1250W,37.0417,-97.125,observed_grid_site
37_0417N_097_0417W,37.0417,-97.0417,observed_grid_site
37_0417N_096_9583W,37.0417,-96.9583,observed_grid_site
37_0417N_096_8750W,37.0417,-96.875,observed_grid_site
37_0417N_096_7917W,37.0417,-96.7917,observed_grid_site
37_0417N_096_7083W,37.0417,-96.7083,observed_grid_site
37_0417N_096_6250W,37.0417,-96.625,observed_grid_site
37_0417N_096_5417W,37.0417,-96.5417,observed_grid_site
37_0417N_096_4583W,37.0417,-96.4583,observed_grid_site
37_0417N_096_3750W,37.0417,-96.375,observed_grid_site
37_0417N_096_2917W,37.0417,-96.2917,observed_grid_site
37_0417N_096_2083W,37.0417,-96.2083,observed_grid_site
37_0417N_096_1250W,37.0417,-96.125,observed_grid_site
37_0417N_096_0417W,37.0417,-96.0417,observed_grid_site
37_0417N_095_9583W,37.0417,-95.9583,observed_grid_site
37_0417N_095_8750W,37.0417,-95.875,observed_grid_site
37_0417N_095_7917W,37.0417,-95.7917,observed_grid_site
37_0417N_095_7083W,37.0417,-95.7083,observed_grid_site
37_0417N_095_6250W,37.0417,-95.625,observed_grid_site
37_0417N_095_5417W,37.0417,-95.5417,observed_grid_site
37_0417N_095_4583W,37.0417,-95.4583,observed_grid_site
37_0417N_095_3750W,37.0417,-95.375,observed_grid_site
37_0417N_095_2917W,37.0417,-95.2917,observed_grid_site
37_0417N_095_2083W,37.0417,-95.2083,observed_grid_site
37_0417N_095_1250W,37.0417,-95.125,observed_grid_site
37_0417N_095_0417W,37.0417,-95.0417,observed_grid_site
37_0417N_094_9583W,37.0417,-94.9583,observed_grid_site
37_0417N_094_8750W,37.0417,-94.875,observed_grid_site
37_0417N_094_7917W,37.0417,-94.7917,observed_grid_site
37_0417N_094_7083W,37.0417,-94.7083,observed_grid_site
37_0417N_094_6250W,37.0417,-94.625,observed_grid_site
FILL_37_1250N_102_0417W,37.125,-102.0417,restored_grid_site
FILL_37_1250N_101_9584W,37.125,-101.9584,restored_grid_site
FILL_37_1250N_101_8751W,37.125,-101.8751,restored_grid_site
FILL_37_1250N_101_7918W,37.125,-101.7918,restored_grid_site
FILL_37_1250N_101_7085W,37.125,-101.7085,restored_grid_site
FILL_37_1250N_101_6252W,37.125,-101.6252,restored_grid_site
FILL_37_1250N_101_5419W,37.125,-101.5419,restored_grid_site
FILL_37_1250N_101_4586W,37.125,-101.4586,restored_grid_site
FILL_37_1250N_101_3753W,37.125,-101.3753,restored_grid_site
FILL_37_1250N_101_2920W,37.125,-101.292,restored_grid_site
FILL_37_1250N_101_2087W,37.125,-101.2087,restored_grid_site
37_1250N_101_1250W,37.125,-101.125,observed_grid_site
37_1250N_101_0417W,37.125,-101.0417,observed_grid_site
37_1250N_100_9583W,37.125,-100.9583,observed_grid_site
37_1250N_100_8750W,37.125,-100.875,observed_grid_site
37_1250N_100_7917W,37.125,-100.7917,observed_grid_site
37_1250N_100_7083W,37.125,-100.7083,observed_grid_site
37_1250N_100_6250W,37.125,-100.625,observed_grid_site
37_1250N_100_5417W,37.125,-100.5417,observed_grid_site
37_1250N_100_4583W,37.125,-100.4583,observed_grid_site
37_1250N_100_3750W,37.125,-100.375,observed_grid_site
37_1250N_100_2917W,37.125,-100.2917,observed_grid_site
FILL_37_1250N_100_2091W,37.125,-100.2091,restored_grid_site
FILL_37_1250N_100_1258W,37.125,-100.1258,restored_grid_site
FILL_37_1250N_100_0425W,37.125,-100.0425,restored_grid_site
FILL_37_1250N_099_9592W,37.125,-99.9592,restored_grid_site
FILL_37_1250N_099_8759W,37.125,-99.8759,restored_grid_site
FILL_37_1250N_099_7926W,37.125,-99.7926,restored_grid_site
FILL_37_1250N_099_7093W,37.125,-99.7093,restored_grid_site
FILL_37_1250N_099_6260W,37.125,-99.626,restored_grid_site
37_1250N_099_5417W,37.125,-99.5417,observed_grid_site
37_1250N_099_4583W,37.125,-99.4583,observed_grid_site
37_1250N_099_3750W,37.125,-99.375,observed_grid_site
37_1250N_099_2917W,37.125,-99.2917,observed_grid_site
37_1250N_099_2083W,37.125,-99.2083,observed_grid_site
37_1250N_099_1250W,37.125,-99.125,observed_grid_site
37_1250N_099_0417W,37.125,-99.0417,observed_grid_site
37_1250N_098_9583W,37.125,-98.9583,observed_grid_site
37_1250N_098_8750W,37.125,-98.875,observed_grid_site
37_1250N_098_7917W,37.125,-98.7917,observed_grid_site
37_1250N_098_7083W,37.125,-98.7083,observed_grid_site
37_1250N_098_6250W,37.125,-98.625,observed_grid_site
37_1250N_098_5417W,37.125,-98.5417,observed_grid_site
37_1250N_098_4583W,37.125,-98.4583,observed_grid_site
37_1250N_098_3750W,37.125,-98.375,observed_grid_site
FILL_37_1250N_098_2932W,37.125,-98.2932,restored_grid_site
FILL_37_1250N_098_2099W,37.125,-98.2099,restored_grid_site
FILL_37_1250N_098_1266W,37.125,-98.1266,restored_grid_site
FILL_37_1250N_098_0433W,37.125,-98.0433,restored_grid_site
FILL_37_1250N_097_9600W,37.125,-97.96,restored_grid_site
FILL_37_1250N_097_8767W,37.125,-97.8767,restored_grid_site
37_1250N_097_7917W,37.125,-97.7917,observed_grid_site
37_1250N_097_7083W,37.125,-97.7083,observed_grid_site
37_1250N_097_6250W,37.125,-97.625,observed_grid_site
37_1250N_097_5417W,37.125,-97.5417,observed_grid_site
37_1250N_097_4583W,37.125,-97.4583,observed_grid_site
37_1250N_097_3750W,37.125,-97.375,observed_grid_site
37_1250N_097_2917W,37.125,-97.2917,observed_grid_site
37_1250N_097_2083W,37.125,-97.2083,observed_grid_site
37_1250N_097_1250W,37.125,-97.125,observed_grid_site
37_1250N_097_0417W,37.125,-97.0417,observed_grid_site
37_1250N_096_9583W,37.125,-96.9583,observed_grid_site
37_1250N_096_8750W,37.125,-96.875,observed_grid_site
37_1250N_096_7917W,37.125,-96.7917,observed_grid_site
37_1250N_096_7083W,37.125,-96.7083,observed_grid_site
37_1250N_096_6250W,37.125,-96.625,observed_grid_site
37_1250N_096_5417W,37.125,-96.5417,observed_grid_site
37_1250N_096_4583W,37.125,-96.4583,observed_grid_site
37_1250N_096_3750W,37.125,-96.375,observed_grid_site
37_1250N_096_2917W,37.125,-96.2917,observed_grid_site
37_1250N_096_2083W,37.125,-96.2083,observed_grid_site
37_1250N_096_1250W,37.125,-96.125,observed_grid_site
37_1250N_096_0417W,37.125,-96.0417,observed_grid_site
37_1250N_095_9583W,37.125,-95.9583,observed_grid_site
37_1250N_095_8750W,37.125,-95.875,observed_grid_site
37_1250N_095_7917W,37.125,-95.7917,observed_grid_site
37_1250N_095_7083W,37.125,-95.7083,observed_grid_site
37_1250N_095_6250W,37.125,-95.625,observed_grid_site
37_1250N_095_5417W,37.125,-95.5417,observed_grid_site
37_1250N_095_4583W,37.125,-95.4583,observed_grid_site
37_1250N_095_3750W,37.125,-95.375,observed_grid_site
37_1250N_095_2917W,37.125,-95.2917,observed_grid_site
37_1250N_095_2083W,37.125,-95.2083,observed_grid_site
37_1250N_095_1250W,37.125,-95.125,observed_grid_site
37_1250N_095_0417W,37.125,-95.0417,observed_grid_site
37_1250N_094_9583W,37.125,-94.9583,observed_grid_site
37_1250N_094_8750W,37.125,-94.875,observed_grid_site
37_1250N_094_7917W,37.125,-94.7917,observed_grid_site
37_1250N_094_7083W,37.125,-94.7083,observed_grid_site
37_1250N_094_6250W,37.125,-94.625,observed_grid_site
FILL_37_2083N_102_0417W,37.2083,-102.0417,restored_grid_site
FILL_37_2083N_101_9584W,37.2083,-101.9584,restored_grid_site
FILL_37_2083N_101_8751W,37.2083,-101.8751,restored_grid_site
FILL_37_2083N_101_7918W,37.2083,-101.7918,restored_grid_site
FILL_37_2083N_101_7085W,37.2083,-101.7085,restored_grid_site
FILL_37_2083N_101_6252W,37.2083,-101.6252,restored_grid_site
FILL_37_2083N_101_5419W,37.2083,-101.5419,restored_grid_site
FILL_37_2083N_101_4586W,37.2083,-101.4586,restored_grid_site
FILL_37_2083N_101_3753W,37.2083,-101.3753,restored_grid_site
FILL_37_2083N_101_2920W,37.2083,-101.292,restored_grid_site
FILL_37_2083N_101_2087W,37.2083,-101.2087,restored_grid_site
FILL_37_2083N_101_1254W,37.2083,-101.1254,restored_grid_site
37_2083N_101_0417W,37.2083,-101.0417,observed_grid_site
37_2083N_100_9583W,37.2083,-100.9583,observed_grid_site
37_2083N_100_8750W,37.2083,-100.875,observed_grid_site
37_2083N_100_7917W,37.2083,-100.7917,observed_grid_site
37_2083N_100_7083W,37.2083,-100.7083,observed_grid_site
37_2083N_100_6250W,37.2083,-100.625,observed_grid_site
37_2083N_100_5417W,37.2083,-100.5417,observed_grid_site
37_2083N_100_4583W,37.2083,-100.4583,observed_grid_site
37_2083N_100_3750W,37.2083,-100.375,observed_grid_site
37_2083N_100_2917W,37.2083,-100.2917,observed_grid_site
37_2083N_100_2083W,37.2083,-100.2083,observed_grid_site
FILL_37_2083N_100_1258W,37.2083,-100.1258,restored_grid_site
FILL_37_2083N_100_0425W,37.2083,-100.0425,restored_grid_site
FILL_37_2083N_099_9592W,37.2083,-99.9592,restored_grid_site
FILL_37_2083N_099_8759W,37.2083,-99.8759,restored_grid_site
FILL_37_2083N_099_7926W,37.2083,-99.7926,restored_grid_site
FILL_37_2083N_099_7093W,37.2083,-99.7093,restored_grid_site
FILL_37_2083N_099_6260W,37.2083,-99.626,restored_grid_site
37_2083N_099_5417W,37.2083,-99.5417,observed_grid_site
37_2083N_099_4583W,37.2083,-99.4583,observed_grid_site
37_2083N_099_3750W,37.2083,-99.375,observed_grid_site
37_2083N_099_2917W,37.2083,-99.2917,observed_grid_site
37_2083N_099_2083W,37.2083,-99.2083,observed_grid_site
37_2083N_099_1250W,37.2083,-99.125,observed_grid_site
37_2083N_099_0417W,37.2083,-99.0417,observed_grid_site
37_2083N_098_9583W,37.2083,-98.9583,observed_grid_site
37_2083N_098_8750W,37.2083,-98.875,observed_grid_site
37_2083N_098_7917W,37.2083,-98.7917,observed_grid_site
37_2083N_098_7083W,37.2083,-98.7083,observed_grid_site
37_2083N_098_6250W,37.2083,-98.625,observed_grid_site
37_2083N_098_5417W,37.2083,-98.5417,observed_grid_site
37_2083N_098_4583W,37.2083,-98.4583,observed_grid_site
37_2083N_098_3750W,37.2083,-98.375,observed_grid_site
FILL_37_2083N_098_2932W,37.2083,-98.2932,restored_grid_site
FILL_37_2083N_098_2099W,37.2083,-98.2099,restored_grid_site
FILL_37_2083N_098_1266W,37.2083,-98.1266,restored_grid_site
FILL_37_2083N_098_0433W,37.2083,-98.0433,restored_grid_site
FILL_37_2083N_097_9600W,37.2083,-97.96,restored_grid_site
FILL_37_2083N_097_8767W,37.2083,-97.8767,restored_grid_site
37_2083N_097_7917W,37.2083,-97.7917,observed_grid_site
37_2083N_097_7083W,37.2083,-97.7083,observed_grid_site
37_2083N_097_6250W,37.2083,-97.625,observed_grid_site
37_2083N_097_5417W,37.2083,-97.5417,observed_grid_site
37_2083N_097_4583W,37.2083,-97.4583,observed_grid_site
37_2083N_097_3750W,37.2083,-97.375,observed_grid_site
37_2083N_097_2917W,37.2083,-97.2917,observed_grid_site
37_2083N_097_2083W,37.2083,-97.2083,observed_grid_site
37_2083N_097_1250W,37.2083,-97.125,observed_grid_site
37_2083N_097_0417W,37.2083,-97.0417,observed_grid_site
37_2083N_096_9583W,37.2083,-96.9583,observed_grid_site
37_2083N_096_8750W,37.2083,-96.875,observed_grid_site
37_2083N_096_7917W,37.2083,-96.7917,observed_grid_site
37_2083N_096_7083W,37.2083,-96.7083,observed_grid_site
37_2083N_096_6250W,37.2083,-96.625,observed_grid_site
37_2083N_096_5417W,37.2083,-96.5417,observed_grid_site
37_2083N_096_4583W,37.2083,-96.4583,observed_grid_site
37_2083N_096_3750W,37.2083,-96.375,observed_grid_site
37_2083N_096_2917W,37.2083,-96.2917,observed_grid_site
37_2083N_096_2083W,37.2083,-96.2083,observed_grid_site
37_2083N_096_1250W,37.2083,-96.125,observed_grid_site
37_2083N_096_0417W,37.2083,-96.0417,observed_grid_site
37_2083N_095_9583W,37.2083,-95.9583,observed_grid_site
37_2083N_095_8750W,37.2083,-95.875,observed_grid_site
37_2083N_095_7917W,37.2083,-95.7917,observed_grid_site
37_2083N_095_7083W,37.2083,-95.7083,observed_grid_site
37_2083N_095_6250W,37.2083,-95.625,observed_grid_site
37_2083N_095_5417W,37.2083,-95.5417,observed_grid_site
37_2083N_095_4583W,37.2083,-95.4583,observed_grid_site
37_2083N_095_3750W,37.2083,-95.375,observed_grid_site
37_2083N_095_2917W,37.2083,-95.2917,observed_grid_site
37_2083N_095_2083W,37.2083,-95.2083,observed_grid_site
37_2083N_095_1250W,37.2083,-95.125,observed_grid_site
37_2083N_095_0417W,37.2083,-95.0417,observed_grid_site
37_2083N_094_9583W,37.2083,-94.9583,observed_grid_site
37_2083N_094_8750W,37.2083,-94.875,observed_grid_site
37_2083N_094_7917W,37.2083,-94.7917,observed_grid_site
37_2083N_094_7083W,37.2083,-94.7083,observed_grid_site
37_2083N_094_6250W,37.2083,-94.625,observed_grid_site
FILL_37_2916N_102_0417W,37.2916,-102.0417,restored_grid_site
FILL_37_2916N_101_9584W,37.2916,-101.9584,restored_grid_site
FILL_37_2916N_101_8751W,37.2916,-101.8751,restored_grid_site
FILL_37_2916N_101_7918W,37.2916,-101.7918,restored_grid_site
FILL_37_2916N_101_7085W,37.2916,-101.7085,restored_grid_site
FILL_37_2916N_101_6252W,37.2916,-101.6252,restored_grid_site
FILL_37_2916N_101_5419W,37.2916,-101.5419,restored_grid_site
FILL_37_2916N_101_4586W,37.2916,-101.4586,restored_grid_site
FILL_37_2916N_101_3753W,37.2916,-101.3753,restored_grid_site
FILL_37_2916N_101_2920W,37.2916,-101.292,restored_grid_site
FILL_37_2916N_101_2087W,37.2916,-101.2087,restored_grid_site
FILL_37_2916N_100_0425W,37.2916,-100.0425,restored_grid_site
FILL_37_2916N_099_9592W,37.2916,-99.9592,restored_grid_site
FILL_37_2916N_099_8759W,37.2916,-99.8759,restored_grid_site
FILL_37_2916N_099_7926W,37.2916,-99.7926,restored_grid_site
FILL_37_2916N_099_7093W,37.2916,-99.7093,restored_grid_site
FILL_37_2916N_099_6260W,37.2916,-99.626,restored_grid_site
FILL_37_2916N_098_2932W,37.2916,-98.2932,restored_grid_site
FILL_37_2916N_098_2099W,37.2916,-98.2099,restored_grid_site
FILL_37_2916N_098_1266W,37.2916,-98.1266,restored_grid_site
FILL_37_2916N_098_0433W,37.2916,-98.0433,restored_grid_site
FILL_37_2916N_097_9600W,37.2916,-97.96,restored_grid_site
FILL_37_2916N_097_8767W,37.2916,-97.8767,restored_grid_site
37_2917N_101_1250W,37.2917,-101.125,observed_grid_site
37_2917N_101_0417W,37.2917,-101.0417,observed_grid_site
37_2917N_100_9583W,37.2917,-100.9583,observed_grid_site
37_2917N_100_8750W,37.2917,-100.875,observed_grid_site
37_2917N_100_7917W,37.2917,-100.7917,observed_grid_site
37_2917N_100_7083W,37.2917,-100.7083,observed_grid_site
37_2917N_100_6250W,37.2917,-100.625,observed_grid_site
37_2917N_100_5417W,37.2917,-100.5417,observed_grid_site
37_2917N_100_4583W,37.2917,-100.4583,observed_grid_site
37_2917N_100_3750W,37.2917,-100.375,observed_grid_site
37_2917N_100_2917W,37.2917,-100.2917,observed_grid_site
37_2917N_100_2083W,37.2917,-100.2083,observed_grid_site
37_2917N_100_1250W,37.2917,-100.125,observed_grid_site
37_2917N_099_5417W,37.2917,-99.5417,observed_grid_site
37_2917N_099_4583W,37.2917,-99.4583,observed_grid_site
37_2917N_099_3750W,37.2917,-99.375,observed_grid_site
37_2917N_099_2917W,37.2917,-99.2917,observed_grid_site
37_2917N_099_2083W,37.2917,-99.2083,observed_grid_site
37_2917N_099_1250W,37.2917,-99.125,observed_grid_site
37_2917N_099_0417W,37.2917,-99.0417,observed_grid_site
37_2917N_098_9583W,37.2917,-98.9583,observed_grid_site
37_2917N_098_8750W,37.2917,-98.875,observed_grid_site
37_2917N_098_7917W,37.2917,-98.7917,observed_grid_site
37_2917N_098_7083W,37.2917,-98.7083,observed_grid_site
37_2917N_098_6250W,37.2917,-98.625,observed_grid_site
37_2917N_098_5417W,37.2917,-98.5417,observed_grid_site
37_2917N_098_4583W,37.2917,-98.4583,observed_grid_site
37_2917N_098_3750W,37.2917,-98.375,observed_grid_site
37_2917N_097_7917W,37.2917,-97.7917,observed_grid_site
37_2917N_097_7083W,37.2917,-97.7083,observed_grid_site
37_2917N_097_6250W,37.2917,-97.625,observed_grid_site
37_2917N_097_5417W,37.2917,-97.5417,observed_grid_site
37_2917N_097_4583W,37.2917,-97.4583,observed_grid_site
37_2917N_097_3750W,37.2917,-97.375,observed_grid_site
37_2917N_097_2917W,37.2917,-97.2917,observed_grid_site
37_2917N_097_2083W,37.2917,-97.2083,observed_grid_site
37_2917N_097_1250W,37.2917,-97.125,observed_grid_site
37_2917N_097_0417W,37.2917,-97.0417,observed_grid_site
37_2917N_096_9583W,37.2917,-96.9583,observed_grid_site
37_2917N_096_8750W,37.2917,-96.875,observed_grid_site
37_2917N_096_7917W,37.2917,-96.7917,observed_grid_site
37_2917N_096_7083W,37.2917,-96.7083,observed_grid_site
37_2917N_096_6250W,37.2917,-96.625,observed_grid_site
37_2917N_096_5417W,37.2917,-96.5417,observed_grid_site
37_2917N_096_4583W,37.2917,-96.4583,observed_grid_site
37_2917N_096_3750W,37.2917,-96.375,observed_grid_site
37_2917N_096_2917W,37.2917,-96.2917,observed_grid_site
37_2917N_096_2083W,37.2917,-96.2083,observed_grid_site
37_2917N_096_1250W,37.2917,-96.125,observed_grid_site
37_2917N_096_0417W,37.2917,-96.0417,observed_grid_site
37_2917N_095_9583W,37.2917,-95.9583,observed_grid_site
37_2917N_095_8750W,37.2917,-95.875,observed_grid_site
37_2917N_095_7917W,37.2917,-95.7917,observed_grid_site
37_2917N_095_7083W,37.2917,-95.7083,observed_grid_site
37_2917N_095_6250W,37.2917,-95.625,observed_grid_site
37_2917N_095_5417W,37.2917,-95.5417,observed_grid_site
37_2917N_095_4583W,37.2917,-95.4583,observed_grid_site
37_2917N_095_3750W,37.2917,-95.375,observed_grid_site
37_2917N_095_2917W,37.2917,-95.2917,observed_grid_site
37_2917N_095_2083W,37.2917,-95.2083,observed_grid_site
37_2917N_095_1250W,37.2917,-95.125,observed_grid_site
37_2917N_095_0417W,37.2917,-95.0417,observed_grid_site
37_2917N_094_9583W,37.2917,-94.9583,observed_grid_site
37_2917N_094_8750W,37.2917,-94.875,observed_grid_site
37_2917N_094_7917W,37.2917,-94.7917,observed_grid_site
37_2917N_094_7083W,37.2917,-94.7083,observed_grid_site
37_2917N_094_6250W,37.2917,-94.625,observed_grid_site
FILL_37_3749N_102_0417W,37.3749,-102.0417,restored_grid_site
FILL_37_3749N_101_9584W,37.3749,-101.9584,restored_grid_site
FILL_37_3749N_101_8751W,37.3749,-101.8751,restored_grid_site
FILL_37_3749N_101_7918W,37.3749,-101.7918,restored_grid_site
FILL_37_3749N_101_7085W,37.3749,-101.7085,restored_grid_site
FILL_37_3749N_101_6252W,37.3749,-101.6252,restored_grid_site
FILL_37_3749N_101_5419W,37.3749,-101.5419,restored_grid_site
FILL_37_3749N_101_4586W,37.3749,-101.4586,restored_grid_site
FILL_37_3749N_101_3753W,37.3749,-101.3753,restored_grid_site
FILL_37_3749N_101_2920W,37.3749,-101.292,restored_grid_site
FILL_37_3749N_101_2087W,37.3749,-101.2087,restored_grid_site
FILL_37_3749N_100_0425W,37.3749,-100.0425,restored_grid_site
FILL_37_3749N_099_9592W,37.3749,-99.9592,restored_grid_site
FILL_37_3749N_099_8759W,37.3749,-99.8759,restored_grid_site
FILL_37_3749N_099_7926W,37.3749,-99.7926,restored_grid_site
FILL_37_3749N_099_7093W,37.3749,-99.7093,restored_grid_site
FILL_37_3749N_099_6260W,37.3749,-99.626,restored_grid_site
FILL_37_3749N_099_5427W,37.3749,-99.5427,restored_grid_site
FILL_37_3749N_098_2932W,37.3749,-98.2932,restored_grid_site
FILL_37_3749N_098_2099W,37.3749,-98.2099,restored_grid_site
FILL_37_3749N_098_1266W,37.3749,-98.1266,restored_grid_site
FILL_37_3749N_098_0433W,37.3749,-98.0433,restored_grid_site
FILL_37_3749N_097_9600W,37.3749,-97.96,restored_grid_site
FILL_37_3749N_097_8767W,37.3749,-97.8767,restored_grid_site
37_3750N_101_1250W,37.375,-101.125,observed_grid_site
37_3750N_101_0417W,37.375,-101.0417,observed_grid_site
37_3750N_100_9583W,37.375,-100.9583,observed_grid_site
37_3750N_100_8750W,37.375,-100.875,observed_grid_site
37_3750N_100_7917W,37.375,-100.7917,observed_grid_site
37_3750N_100_7083W,37.375,-100.7083,observed_grid_site
37_3750N_100_6250W,37.375,-100.625,observed_grid_site
37_3750N_100_5417W,37.375,-100.5417,observed_grid_site
37_3750N_100_4583W,37.375,-100.4583,observed_grid_site
37_3750N_100_3750W,37.375,-100.375,observed_grid_site
37_3750N_100_2917W,37.375,-100.2917,observed_grid_site
37_3750N_100_2083W,37.375,-100.2083,observed_grid_site
37_3750N_100_1250W,37.375,-100.125,observed_grid_site
37_3750N_099_4583W,37.375,-99.4583,observed_grid_site
37_3750N_099_3750W,37.375,-99.375,observed_grid_site
37_3750N_099_2917W,37.375,-99.2917,observed_grid_site
37_3750N_099_2083W,37.375,-99.2083,observed_grid_site
37_3750N_099_1250W,37.375,-99.125,observed_grid_site
37_3750N_099_0417W,37.375,-99.0417,observed_grid_site
37_3750N_098_9583W,37.375,-98.9583,observed_grid_site
37_3750N_098_8750W,37.375,-98.875,observed_grid_site
37_3750N_098_7917W,37.375,-98.7917,observed_grid_site
37_3750N_098_7083W,37.375,-98.7083,observed_grid_site
37_3750N_098_6250W,37.375,-98.625,observed_grid_site
37_3750N_098_5417W,37.375,-98.5417,observed_grid_site
37_3750N_098_4583W,37.375,-98.4583,observed_grid_site
37_3750N_098_3750W,37.375,-98.375,observed_grid_site
37_3750N_097_7917W,37.375,-97.7917,observed_grid_site
37_3750N_097_7083W,37.375,-97.7083,observed_grid_site
37_3750N_097_6250W,37.375,-97.625,observed_grid_site
37_3750N_097_5417W,37.375,-97.5417,observed_grid_site
37_3750N_097_4583W,37.375,-97.4583,observed_grid_site
37_3750N_097_3750W,37.375,-97.375,observed_grid_site
37_3750N_097_2917W,37.375,-97.2917,observed_grid_site
37_3750N_097_2083W,37.375,-97.2083,observed_grid_site
37_3750N_097_1250W,37.375,-97.125,observed_grid_site
37_3750N_097_0417W,37.375,-97.0417,observed_grid_site
37_3750N_096_9583W,37.375,-96.9583,observed_grid_site
37_3750N_096_8750W,37.375,-96.875,observed_grid_site
37_3750N_096_7917W,37.375,-96.7917,observed_grid_site
37_3750N_096_7083W,37.375,-96.7083,observed_grid_site
37_3750N_096_6250W,37.375,-96.625,observed_grid_site
37_3750N_096_5417W,37.375,-96.5417,observed_grid_site
37_3750N_096_4583W,37.375,-96.4583,observed_grid_site
37_3750N_096_3750W,37.375,-96.375,observed_grid_site
37_3750N_096_2917W,37.375,-96.2917,observed_grid_site
37_3750N_096_2083W,37.375,-96.2083,observed_grid_site
37_3750N_096_1250W,37.375,-96.125,observed_grid_site
37_3750N_096_0417W,37.375,-96.0417,observed_grid_site
37_3750N_095_9583W,37.375,-95.9583,observed_grid_site
37_3750N_095_8750W,37.375,-95.875,observed_grid_site
37_3750N_095_7917W,37.375,-95.7917,observed_grid_site
37_3750N_095_7083W,37.375,-95.7083,observed_grid_site
37_3750N_095_6250W,37.375,-95.625,observed_grid_site
37_3750N_095_5417W,37.375,-95.5417,observed_grid_site
37_3750N_095_4583W,37.375,-95.4583,observed_grid_site
37_3750N_095_3750W,37.375,-95.375,observed_grid_site
37_3750N_095_2917W,37.375,-95.2917,observed_grid_site
37_3750N_095_2083W,37.375,-95.2083,observed_grid_site
37_3750N_095_1250W,37.375,-95.125,observed_grid_site
37_3750N_095_0417W,37.375,-95.0417,observed_grid_site
37_3750N_094_9583W,37.375,-94.9583,observed_grid_site
37_3750N_094_8750W,37.375,-94.875,observed_grid_site
37_3750N_094_7917W,37.375,-94.7917,observed_grid_site
37_3750N_094_7083W,37.375,-94.7083,observed_grid_site
37_3750N_094_6250W,37.375,-94.625,observed_grid_site
FILL_37_4582N_102_0417W,37.4582,-102.0417,restored_grid_site
FILL_37_4582N_101_9584W,37.4582,-101.9584,restored_grid_site
FILL_37_4582N_101_8751W,37.4582,-101.8751,restored_grid_site
FILL_37_4582N_101_7918W,37.4582,-101.7918,restored_grid_site
FILL_37_4582N_101_7085W,37.4582,-101.7085,restored_grid_site
FILL_37_4582N_101_6252W,37.4582,-101.6252,restored_grid_site
FILL_37_4582N_101_5419W,37.4582,-101.5419,restored_grid_site
FILL_37_4582N_101_4586W,37.4582,-101.4586,restored_grid_site
FILL_37_4582N_101_3753W,37.4582,-101.3753,restored_grid_site
FILL_37_4582N_101_2920W,37.4582,-101.292,restored_grid_site
FILL_37_4582N_101_2087W,37.4582,-101.2087,restored_grid_site
FILL_37_4582N_100_0425W,37.4582,-100.0425,restored_grid_site
FILL_37_4582N_099_9592W,37.4582,-99.9592,restored_grid_site
FILL_37_4582N_099_8759W,37.4582,-99.8759,restored_grid_site
FILL_37_4582N_099_7926W,37.4582,-99.7926,restored_grid_site
FILL_37_4582N_099_7093W,37.4582,-99.7093,restored_grid_site
FILL_37_4582N_099_6260W,37.4582,-99.626,restored_grid_site
37_4583N_101_1250W,37.4583,-101.125,observed_grid_site
37_4583N_101_0417W,37.4583,-101.0417,observed_grid_site
37_4583N_100_9583W,37.4583,-100.9583,observed_grid_site
37_4583N_100_8750W,37.4583,-100.875,observed_grid_site
37_4583N_100_7917W,37.4583,-100.7917,observed_grid_site
37_4583N_100_7083W,37.4583,-100.7083,observed_grid_site
37_4583N_100_6250W,37.4583,-100.625,observed_grid_site
37_4583N_100_5417W,37.4583,-100.5417,observed_grid_site
37_4583N_100_4583W,37.4583,-100.4583,observed_grid_site
37_4583N_100_3750W,37.4583,-100.375,observed_grid_site
37_4583N_100_2917W,37.4583,-100.2917,observed_grid_site
37_4583N_100_2083W,37.4583,-100.2083,observed_grid_site
37_4583N_100_1250W,37.4583,-100.125,observed_grid_site
37_4583N_099_5417W,37.4583,-99.5417,observed_grid_site
37_4583N_099_4583W,37.4583,-99.4583,observed_grid_site
37_4583N_099_3750W,37.4583,-99.375,observed_grid_site
37_4583N_099_2917W,37.4583,-99.2917,observed_grid_site
37_4583N_099_2083W,37.4583,-99.2083,observed_grid_site
37_4583N_099_1250W,37.4583,-99.125,observed_grid_site
37_4583N_099_0417W,37.4583,-99.0417,observed_grid_site
37_4583N_098_9583W,37.4583,-98.9583,observed_grid_site
37_4583N_098_8750W,37.4583,-98.875,observed_grid_site
37_4583N_098_7917W,37.4583,-98.7917,observed_grid_site
37_4583N_098_7083W,37.4583,-98.7083,observed_grid_site
37_4583N_098_6250W,37.4583,-98.625,observed_grid_site
37_4583N_098_5417W,37.4583,-98.5417,observed_grid_site
37_4583N_098_4583W,37.4583,-98.4583,observed_grid_site
37_4583N_098_3750W,37.4583,-98.375,observed_grid_site
37_4583N_098_2917W,37.4583,-98.2917,observed_grid_site
37_4583N_098_2083W,37.4583,-98.2083,observed_grid_site
37_4583N_098_1250W,37.4583,-98.125,observed_grid_site
37_4583N_098_0417W,37.4583,-98.0417,observed_grid_site
37_4583N_097_9583W,37.4583,-97.9583,observed_grid_site
37_4583N_097_8750W,37.4583,-97.875,observed_grid_site
37_4583N_097_7917W,37.4583,-97.7917,observed_grid_site
37_4583N_097_7083W,37.4583,-97.7083,observed_grid_site
37_4583N_097_6250W,37.4583,-97.625,observed_grid_site
37_4583N_097_5417W,37.4583,-97.5417,observed_grid_site
37_4583N_097_4583W,37.4583,-97.4583,observed_grid_site
37_4583N_097_3750W,37.4583,-97.375,observed_grid_site
37_4583N_097_2917W,37.4583,-97.2917,observed_grid_site
37_4583N_097_2083W,37.4583,-97.2083,observed_grid_site
37_4583N_097_1250W,37.4583,-97.125,observed_grid_site
37_4583N_097_0417W,37.4583,-97.0417,observed_grid_site
37_4583N_096_9583W,37.4583,-96.9583,observed_grid_site
37_4583N_096_8750W,37.4583,-96.875,observed_grid_site
37_4583N_096_7917W,37.4583,-96.7917,observed_grid_site
37_4583N_096_7083W,37.4583,-96.7083,observed_grid_site
37_4583N_096_6250W,37.4583,-96.625,observed_grid_site
37_4583N_096_5417W,37.4583,-96.5417,observed_grid_site
37_4583N_096_4583W,37.4583,-96.4583,observed_grid_site
37_4583N_096_3750W,37.4583,-96.375,observed_grid_site
37_4583N_096_2917W,37.4583,-96.2917,observed_grid_site
37_4583N_096_2083W,37.4583,-96.2083,observed_grid_site
37_4583N_096_1250W,37.4583,-96.125,observed_grid_site
37_4583N_096_0417W,37.4583,-96.0417,observed_grid_site
37_4583N_095_9583W,37.4583,-95.9583,observed_grid_site
37_4583N_095_8750W,37.4583,-95.875,observed_grid_site
37_4583N_095_7917W,37.4583,-95.7917,observed_grid_site
37_4583N_095_7083W,37.4583,-95.7083,observed_grid_site
37_4583N_095_6250W,37.4583,-95.625,observed_grid_site
37_4583N_095_5417W,37.4583,-95.5417,observed_grid_site
37_4583N_095_4583W,37.4583,-95.4583,observed_grid_site
37_4583N_095_3750W,37.4583,-95.375,observed_grid_site
37_4583N_095_2917W,37.4583,-95.2917,observed_grid_site
37_4583N_095_2083W,37.4583,-95.2083,observed_grid_site
37_4583N_095_1250W,37.4583,-95.125,observed_grid_site
37_4583N_095_0417W,37.4583,-95.0417,observed_grid_site
37_4583N_094_9583W,37.4583,-94.9583,observed_grid_site
37_4583N_094_8750W,37.4583,-94.875,observed_grid_site
37_4583N_094_7917W,37.4583,-94.7917,observed_grid_site
37_4583N_094_7083W,37.4583,-94.7083,observed_grid_site
37_4583N_094_6250W,37.4583,-94.625,observed_grid_site
FILL_37_5415N_102_0417W,37.5415,-102.0417,restored_grid_site
FILL_37_5415N_101_9584W,37.5415,-101.9584,restored_grid_site
FILL_37_5415N_101_8751W,37.5415,-101.8751,restored_grid_site
FILL_37_5415N_101_7918W,37.5415,-101.7918,restored_grid_site
FILL_37_5415N_101_7085W,37.5415,-101.7085,restored_grid_site
FILL_37_5415N_101_6252W,37.5415,-101.6252,restored_grid_site
FILL_37_5415N_101_5419W,37.5415,-101.5419,restored_grid_site
FILL_37_5415N_101_4586W,37.5415,-101.4586,restored_grid_site
FILL_37_5415N_101_3753W,37.5415,-101.3753,restored_grid_site
FILL_37_5415N_101_2920W,37.5415,-101.292,restored_grid_site
FILL_37_5415N_101_2087W,37.5415,-101.2087,restored_grid_site
37_5417N_101_1250W,37.5417,-101.125,observed_grid_site
37_5417N_101_0417W,37.5417,-101.0417,observed_grid_site
37_5417N_100_9583W,37.5417,-100.9583,observed_grid_site
37_5417N_100_8750W,37.5417,-100.875,observed_grid_site
37_5417N_100_7917W,37.5417,-100.7917,observed_grid_site
37_5417N_100_7083W,37.5417,-100.7083,observed_grid_site
37_5417N_100_6250W,37.5417,-100.625,observed_grid_site
37_5417N_100_5417W,37.5417,-100.5417,observed_grid_site
37_5417N_100_4583W,37.5417,-100.4583,observed_grid_site
37_5417N_100_3750W,37.5417,-100.375,observed_grid_site
37_5417N_100_2917W,37.5417,-100.2917,observed_grid_site
37_5417N_100_2083W,37.5417,-100.2083,observed_grid_site
37_5417N_100_1250W,37.5417,-100.125,observed_grid_site
37_5417N_100_0417W,37.5417,-100.0417,observed_grid_site
37_5417N_099_9583W,37.5417,-99.9583,observed_grid_site
37_5417N_099_8750W,37.5417,-99.875,observed_grid_site
37_5417N_099_7917W,37.5417,-99.7917,observed_grid_site
37_5417N_099_7083W,37.5417,-99.7083,observed_grid_site
37_5417N_099_6250W,37.5417,-99.625,observed_grid_site
37_5417N_099_5417W,37.5417,-99.5417,observed_grid_site
37_5417N_099_4583W,37.5417,-99.4583,observed_grid_site
37_5417N_099_3750W,37.5417,-99.375,observed_grid_site
37_5417N_099_2917W,37.5417,-99.2917,observed_grid_site
37_5417N_099_2083W,37.5417,-99.2083,observed_grid_site
37_5417N_099_1250W,37.5417,-99.125,observed_grid_site
37_5417N_099_0417W,37.5417,-99.0417,observed_grid_site
37_5417N_098_9583W,37.5417,-98.9583,observed_grid_site
37_5417N_098_8750W,37.5417,-98.875,observed_grid_site
37_5417N_098_7917W,37.5417,-98.7917,observed_grid_site
37_5417N_098_7083W,37.5417,-98.7083,observed_grid_site
37_5417N_098_6250W,37.5417,-98.625,observed_grid_site
37_5417N_098_5417W,37.5417,-98.5417,observed_grid_site
37_5417N_098_4583W,37.5417,-98.4583,observed_grid_site
37_5417N_098_3750W,37.5417,-98.375,observed_grid_site
37_5417N_098_2917W,37.5417,-98.2917,observed_grid_site
37_5417N_098_2083W,37.5417,-98.2083,observed_grid_site
37_5417N_098_1250W,37.5417,-98.125,observed_grid_site
37_5417N_098_0417W,37.5417,-98.0417,observed_grid_site
37_5417N_097_9583W,37.5417,-97.9583,observed_grid_site
37_5417N_097_8750W,37.5417,-97.875,observed_grid_site
37_5417N_097_7917W,37.5417,-97.7917,observed_grid_site
37_5417N_097_7083W,37.5417,-97.7083,observed_grid_site
37_5417N_097_6250W,37.5417,-97.625,observed_grid_site
37_5417N_097_5417W,37.5417,-97.5417,observed_grid_site
37_5417N_097_4583W,37.5417,-97.4583,observed_grid_site
37_5417N_097_3750W,37.5417,-97.375,observed_grid_site
37_5417N_097_2917W,37.5417,-97.2917,observed_grid_site
37_5417N_097_2083W,37.5417,-97.2083,observed_grid_site
37_5417N_097_1250W,37.5417,-97.125,observed_grid_site
37_5417N_097_0417W,37.5417,-97.0417,observed_grid_site
37_5417N_096_9583W,37.5417,-96.9583,observed_grid_site
37_5417N_096_8750W,37.5417,-96.875,observed_grid_site
37_5417N_096_7917W,37.5417,-96.7917,observed_grid_site
37_5417N_096_7083W,37.5417,-96.7083,observed_grid_site
37_5417N_096_6250W,37.5417,-96.625,observed_grid_site
37_5417N_096_5417W,37.5417,-96.5417,observed_grid_site
37_5417N_096_4583W,37.5417,-96.4583,observed_grid_site
37_5417N_096_3750W,37.5417,-96.375,observed_grid_site
37_5417N_096_2917W,37.5417,-96.2917,observed_grid_site
37_5417N_096_2083W,37.5417,-96.2083,observed_grid_site
37_5417N_096_1250W,37.5417,-96.125,observed_grid_site
37_5417N_096_0417W,37.5417,-96.0417,observed_grid_site
37_5417N_095_9583W,37.5417,-95.9583,observed_grid_site
37_5417N_095_8750W,37.5417,-95.875,observed_grid_site
37_5417N_095_7917W,37.5417,-95.7917,observed_grid_site
37_5417N_095_7083W,37.5417,-95.7083,observed_grid_site
37_5417N_095_6250W,37.5417,-95.625,observed_grid_site
37_5417N_095_5417W,37.5417,-95.5417,observed_grid_site
37_5417N_095_4583W,37.5417,-95.4583,observed_grid_site
37_5417N_095_3750W,37.5417,-95.375,observed_grid_site
37_5417N_095_2917W,37.5417,-95.2917,observed_grid_site
37_5417N_095_2083W,37.5417,-95.2083,observed_grid_site
37_5417N_095_1250W,37.5417,-95.125,observed_grid_site
37_5417N_095_0417W,37.5417,-95.0417,observed_grid_site
37_5417N_094_9583W,37.5417,-94.9583,observed_grid_site
37_5417N_094_8750W,37.5417,-94.875,observed_grid_site
37_5417N_094_7917W,37.5417,-94.7917,observed_grid_site
37_5417N_094_7083W,37.5417,-94.7083,observed_grid_site
37_5417N_094_6250W,37.5417,-94.625,observed_grid_site
FILL_37_6248N_102_0417W,37.6248,-102.0417,restored_grid_site
FILL_37_6248N_101_9584W,37.6248,-101.9584,restored_grid_site
FILL_37_6248N_101_8751W,37.6248,-101.8751,restored_grid_site
FILL_37_6248N_101_7918W,37.6248,-101.7918,restored_grid_site
FILL_37_6248N_101_7085W,37.6248,-101.7085,restored_grid_site
FILL_37_6248N_101_6252W,37.6248,-101.6252,restored_grid_site
FILL_37_6248N_101_5419W,37.6248,-101.5419,restored_grid_site
FILL_37_6248N_101_4586W,37.6248,-101.4586,restored_grid_site
FILL_37_6248N_101_3753W,37.6248,-101.3753,restored_grid_site
FILL_37_6248N_101_2920W,37.6248,-101.292,restored_grid_site
FILL_37_6248N_101_2087W,37.6248,-101.2087,restored_grid_site
37_6250N_101_1250W,37.625,-101.125,observed_grid_site
37_6250N_101_0417W,37.625,-101.0417,observed_grid_site
37_6250N_100_9583W,37.625,-100.9583,observed_grid_site
37_6250N_100_8750W,37.625,-100.875,observed_grid_site
37_6250N_100_7917W,37.625,-100.7917,observed_grid_site
37_6250N_100_7083W,37.625,-100.7083,observed_grid_site
37_6250N_100_6250W,37.625,-100.625,observed_grid_site
37_6250N_100_5417W,37.625,-100.5417,observed_grid_site
37_6250N_100_4583W,37.625,-100.4583,observed_grid_site
37_6250N_100_3750W,37.625,-100.375,observed_grid_site
37_6250N_100_2917W,37.625,-100.2917,observed_grid_site
37_6250N_100_2083W,37.625,-100.2083,observed_grid_site
37_6250N_100_1250W,37.625,-100.125,observed_grid_site
37_6250N_100_0417W,37.625,-100.0417,observed_grid_site
37_6250N_099_9583W,37.625,-99.9583,observed_grid_site
37_6250N_099_8750W,37.625,-99.875,observed_grid_site
37_6250N_099_7917W,37.625,-99.7917,observed_grid_site
37_6250N_099_7083W,37.625,-99.7083,observed_grid_site
37_6250N_099_6250W,37.625,-99.625,observed_grid_site
37_6250N_099_5417W,37.625,-99.5417,observed_grid_site
37_6250N_099_4583W,37.625,-99.4583,observed_grid_site
37_6250N_099_3750W,37.625,-99.375,observed_grid_site
37_6250N_099_2917W,37.625,-99.2917,observed_grid_site
37_6250N_099_2083W,37.625,-99.2083,observed_grid_site
37_6250N_099_1250W,37.625,-99.125,observed_grid_site
37_6250N_099_0417W,37.625,-99.0417,observed_grid_site
37_6250N_098_9583W,37.625,-98.9583,observed_grid_site
37_6250N_098_8750W,37.625,-98.875,observed_grid_site
37_6250N_098_7917W,37.625,-98.7917,observed_grid_site
37_6250N_098_7083W,37.625,-98.7083,observed_grid_site
37_6250N_098_6250W,37.625,-98.625,observed_grid_site
37_6250N_098_5417W,37.625,-98.5417,observed_grid_site
37_6250N_098_4583W,37.625,-98.4583,observed_grid_site
37_6250N_098_3750W,37.625,-98.375,observed_grid_site
37_6250N_098_2917W,37.625,-98.2917,observed_grid_site
37_6250N_098_2083W,37.625,-98.2083,observed_grid_site
37_6250N_098_1250W,37.625,-98.125,observed_grid_site
37_6250N_098_0417W,37.625,-98.0417,observed_grid_site
37_6250N_097_9583W,37.625,-97.9583,observed_grid_site
37_6250N_097_8750W,37.625,-97.875,observed_grid_site
37_6250N_097_7917W,37.625,-97.7917,observed_grid_site
37_6250N_097_7083W,37.625,-97.7083,observed_grid_site
37_6250N_097_6250W,37.625,-97.625,observed_grid_site
37_6250N_097_5417W,37.625,-97.5417,observed_grid_site
37_6250N_097_4583W,37.625,-97.4583,observed_grid_site
37_6250N_097_3750W,37.625,-97.375,observed_grid_site
37_6250N_097_2917W,37.625,-97.2917,observed_grid_site
37_6250N_097_2083W,37.625,-97.2083,observed_grid_site
37_6250N_097_1250W,37.625,-97.125,observed_grid_site
37_6250N_097_0417W,37.625,-97.0417,observed_grid_site
37_6250N_096_9583W,37.625,-96.9583,observed_grid_site
37_6250N_096_8750W,37.625,-96.875,observed_grid_site
37_6250N_096_7917W,37.625,-96.7917,observed_grid_site
37_6250N_096_7083W,37.625,-96.7083,observed_grid_site
37_6250N_096_6250W,37.625,-96.625,observed_grid_site
37_6250N_096_5417W,37.625,-96.5417,observed_grid_site
37_6250N_096_4583W,37.625,-96.4583,observed_grid_site
37_6250N_096_3750W,37.625,-96.375,observed_grid_site
37_6250N_096_2917W,37.625,-96.2917,observed_grid_site
37_6250N_096_2083W,37.625,-96.2083,observed_grid_site
37_6250N_096_1250W,37.625,-96.125,observed_grid_site
37_6250N_096_0417W,37.625,-96.0417,observed_grid_site
37_6250N_095_9583W,37.625,-95.9583,observed_grid_site
37_6250N_095_8750W,37.625,-95.875,observed_grid_site
37_6250N_095_7917W,37.625,-95.7917,observed_grid_site
37_6250N_095_7083W,37.625,-95.7083,observed_grid_site
37_6250N_095_6250W,37.625,-95.625,observed_grid_site
37_6250N_095_5417W,37.625,-95.5417,observed_grid_site
37_6250N_095_4583W,37.625,-95.4583,observed_grid_site
37_6250N_095_3750W,37.625,-95.375,observed_grid_site
37_6250N_095_2917W,37.625,-95.2917,observed_grid_site
37_6250N_095_2083W,37.625,-95.2083,observed_grid_site
37_6250N_095_1250W,37.625,-95.125,observed_grid_site
37_6250N_095_0417W,37.625,-95.0417,observed_grid_site
37_6250N_094_9583W,37.625,-94.9583,observed_grid_site
37_6250N_094_8750W,37.625,-94.875,observed_grid_site
37_6250N_094_7917W,37.625,-94.7917,observed_grid_site
37_6250N_094_7083W,37.625,-94.7083,observed_grid_site
37_6250N_094_6250W,37.625,-94.625,observed_grid_site
FILL_37_7081N_101_9584W,37.7081,-101.9584,restored_grid_site
FILL_37_7081N_101_8751W,37.7081,-101.8751,restored_grid_site
FILL_37_7081N_101_7918W,37.7081,-101.7918,restored_grid_site
FILL_37_7081N_101_7085W,37.7081,-101.7085,restored_grid_site
FILL_37_7081N_101_6252W,37.7081,-101.6252,restored_grid_site
FILL_37_7081N_101_5419W,37.7081,-101.5419,restored_grid_site
FILL_37_7081N_101_4586W,37.7081,-101.4586,restored_grid_site
FILL_37_7081N_101_3753W,37.7081,-101.3753,restored_grid_site
FILL_37_7081N_101_2920W,37.7081,-101.292,restored_grid_site
FILL_37_7081N_101_2087W,37.7081,-101.2087,restored_grid_site
37_7083N_102_0417W,37.7083,-102.0417,observed_grid_site
37_7083N_101_1250W,37.7083,-101.125,observed_grid_site
37_7083N_101_0417W,37.7083,-101.0417,observed_grid_site
37_7083N_100_9583W,37.7083,-100.9583,observed_grid_site
37_7083N_100_8750W,37.7083,-100.875,observed_grid_site
37_7083N_100_7917W,37.7083,-100.7917,observed_grid_site
37_7083N_100_7083W,37.7083,-100.7083,observed_grid_site
37_7083N_100_6250W,37.7083,-100.625,observed_grid_site
37_7083N_100_5417W,37.7083,-100.5417,observed_grid_site
37_7083N_100_4583W,37.7083,-100.4583,observed_grid_site
37_7083N_100_3750W,37.7083,-100.375,observed_grid_site
37_7083N_100_2917W,37.7083,-100.2917,observed_grid_site
37_7083N_100_2083W,37.7083,-100.2083,observed_grid_site
37_7083N_100_1250W,37.7083,-100.125,observed_grid_site
37_7083N_100_0417W,37.7083,-100.0417,observed_grid_site
37_7083N_099_9583W,37.7083,-99.9583,observed_grid_site
37_7083N_099_8750W,37.7083,-99.875,observed_grid_site
37_7083N_099_7917W,37.7083,-99.7917,observed_grid_site
37_7083N_099_7083W,37.7083,-99.7083,observed_grid_site
37_7083N_099_6250W,37.7083,-99.625,observed_grid_site
37_7083N_099_5417W,37.7083,-99.5417,observed_grid_site
37_7083N_099_4583W,37.7083,-99.4583,observed_grid_site
37_7083N_099_3750W,37.7083,-99.375,observed_grid_site
37_7083N_099_2917W,37.7083,-99.2917,observed_grid_site
37_7083N_099_2083W,37.7083,-99.2083,observed_grid_site
37_7083N_099_1250W,37.7083,-99.125,observed_grid_site
37_7083N_099_0417W,37.7083,-99.0417,observed_grid_site
37_7083N_098_9583W,37.7083,-98.9583,observed_grid_site
37_7083N_098_8750W,37.7083,-98.875,observed_grid_site
37_7083N_098_7917W,37.7083,-98.7917,observed_grid_site
37_7083N_098_7083W,37.7083,-98.7083,observed_grid_site
37_7083N_098_6250W,37.7083,-98.625,observed_grid_site
37_7083N_098_5417W,37.7083,-98.5417,observed_grid_site
37_7083N_098_4583W,37.7083,-98.4583,observed_grid_site
37_7083N_098_3750W,37.7083,-98.375,observed_grid_site
37_7083N_098_2917W,37.7083,-98.2917,observed_grid_site
37_7083N_098_2083W,37.7083,-98.2083,observed_grid_site
37_7083N_098_1250W,37.7083,-98.125,observed_grid_site
37_7083N_098_0417W,37.7083,-98.0417,observed_grid_site
37_7083N_097_9583W,37.7083,-97.9583,observed_grid_site
37_7083N_097_8750W,37.7083,-97.875,observed_grid_site
37_7083N_097_7917W,37.7083,-97.7917,observed_grid_site
37_7083N_097_7083W,37.7083,-97.7083,observed_grid_site
37_7083N_097_6250W,37.7083,-97.625,observed_grid_site
37_7083N_097_5417W,37.7083,-97.5417,observed_grid_site
37_7083N_097_4583W,37.7083,-97.4583,observed_grid_site
37_7083N_097_3750W,37.7083,-97.375,observed_grid_site
37_7083N_097_2917W,37.7083,-97.2917,observed_grid_site
37_7083N_097_2083W,37.7083,-97.2083,observed_grid_site
37_7083N_097_1250W,37.7083,-97.125,observed_grid_site
37_7083N_097_0417W,37.7083,-97.0417,observed_grid_site
37_7083N_096_9583W,37.7083,-96.9583,observed_grid_site
37_7083N_096_8750W,37.7083,-96.875,observed_grid_site
37_7083N_096_7917W,37.7083,-96.7917,observed_grid_site
37_7083N_096_7083W,37.7083,-96.7083,observed_grid_site
37_7083N_096_6250W,37.7083,-96.625,observed_grid_site
37_7083N_096_5417W,37.7083,-96.5417,observed_grid_site
37_7083N_096_4583W,37.7083,-96.4583,observed_grid_site
37_7083N_096_3750W,37.7083,-96.375,observed_grid_site
37_7083N_096_2917W,37.7083,-96.2917,observed_grid_site
37_7083N_096_2083W,37.7083,-96.2083,observed_grid_site
37_7083N_096_1250W,37.7083,-96.125,observed_grid_site
37_7083N_096_0417W,37.7083,-96.0417,observed_grid_site
37_7083N_095_9583W,37.7083,-95.9583,observed_grid_site
37_7083N_095_8750W,37.7083,-95.875,observed_grid_site
37_7083N_095_7917W,37.7083,-95.7917,observed_grid_site
37_7083N_095_7083W,37.7083,-95.7083,observed_grid_site
37_7083N_095_6250W,37.7083,-95.625,observed_grid_site
37_7083N_095_5417W,37.7083,-95.5417,observed_grid_site
37_7083N_095_4583W,37.7083,-95.4583,observed_grid_site
37_7083N_095_3750W,37.7083,-95.375,observed_grid_site
37_7083N_095_2917W,37.7083,-95.2917,observed_grid_site
37_7083N_095_2083W,37.7083,-95.2083,observed_grid_site
37_7083N_095_1250W,37.7083,-95.125,observed_grid_site
37_7083N_095_0417W,37.7083,-95.0417,observed_grid_site
37_7083N_094_9583W,37.7083,-94.9583,observed_grid_site
37_7083N_094_8750W,37.7083,-94.875,observed_grid_site
37_7083N_094_7917W,37.7083,-94.7917,observed_grid_site
37_7083N_094_7083W,37.7083,-94.7083,observed_grid_site
37_7083N_094_6250W,37.7083,-94.625,observed_grid_site
FILL_37_7914N_102_0417W,37.7914,-102.0417,restored_grid_site
FILL_37_7914N_101_9584W,37.7914,-101.9584,restored_grid_site
FILL_37_7914N_101_8751W,37.7914,-101.8751,restored_grid_site
FILL_37_7914N_101_7918W,37.7914,-101.7918,restored_grid_site
FILL_37_7914N_101_7085W,37.7914,-101.7085,restored_grid_site
FILL_37_7914N_101_6252W,37.7914,-101.6252,restored_grid_site
FILL_37_7914N_101_5419W,37.7914,-101.5419,restored_grid_site
FILL_37_7914N_101_4586W,37.7914,-101.4586,restored_grid_site
FILL_37_7914N_101_3753W,37.7914,-101.3753,restored_grid_site
FILL_37_7914N_101_2920W,37.7914,-101.292,restored_grid_site
FILL_37_7914N_101_2087W,37.7914,-101.2087,restored_grid_site
FILL_37_7914N_101_1254W,37.7914,-101.1254,restored_grid_site
FILL_37_7914N_096_5439W,37.7914,-96.5439,restored_grid_site
37_7917N_101_0417W,37.7917,-101.0417,observed_grid_site
37_7917N_100_9583W,37.7917,-100.9583,observed_grid_site
37_7917N_100_8750W,37.7917,-100.875,observed_grid_site
37_7917N_100_7917W,37.7917,-100.7917,observed_grid_site
37_7917N_100_7083W,37.7917,-100.7083,observed_grid_site
37_7917N_100_6250W,37.7917,-100.625,observed_grid_site
37_7917N_100_5417W,37.7917,-100.5417,observed_grid_site
37_7917N_100_4583W,37.7917,-100.4583,observed_grid_site
37_7917N_100_3750W,37.7917,-100.375,observed_grid_site
37_7917N_100_2917W,37.7917,-100.2917,observed_grid_site
37_7917N_100_2083W,37.7917,-100.2083,observed_grid_site
37_7917N_100_1250W,37.7917,-100.125,observed_grid_site
37_7917N_100_0417W,37.7917,-100.0417,observed_grid_site
37_7917N_099_9583W,37.7917,-99.9583,observed_grid_site
37_7917N_099_8750W,37.7917,-99.875,observed_grid_site
37_7917N_099_7917W,37.7917,-99.7917,observed_grid_site
37_7917N_099_7083W,37.7917,-99.7083,observed_grid_site
37_7917N_099_6250W,37.7917,-99.625,observed_grid_site
37_7917N_099_5417W,37.7917,-99.5417,observed_grid_site
37_7917N_099_4583W,37.7917,-99.4583,observed_grid_site
37_7917N_099_3750W,37.7917,-99.375,observed_grid_site
37_7917N_099_2917W,37.7917,-99.2917,observed_grid_site
37_7917N_099_2083W,37.7917,-99.2083,observed_grid_site
37_7917N_099_1250W,37.7917,-99.125,observed_grid_site
37_7917N_099_0417W,37.7917,-99.0417,observed_grid_site
37_7917N_098_9583W,37.7917,-98.9583,observed_grid_site
37_7917N_098_8750W,37.7917,-98.875,observed_grid_site
37_7917N_098_7917W,37.7917,-98.7917,observed_grid_site
37_7917N_098_7083W,37.7917,-98.7083,observed_grid_site
37_7917N_098_6250W,37.7917,-98.625,observed_grid_site
37_7917N_098_5417W,37.7917,-98.5417,observed_grid_site
37_7917N_098_4583W,37.7917,-98.4583,observed_grid_site
37_7917N_098_3750W,37.7917,-98.375,observed_grid_site
37_7917N_098_2917W,37.7917,-98.2917,observed_grid_site
37_7917N_098_2083W,37.7917,-98.2083,observed_grid_site
37_7917N_098_1250W,37.7917,-98.125,observed_grid_site
37_7917N_098_0417W,37.7917,-98.0417,observed_grid_site
37_7917N_097_9583W,37.7917,-97.9583,observed_grid_site
37_7917N_097_8750W,37.7917,-97.875,observed_grid_site
37_7917N_097_7917W,37.7917,-97.7917,observed_grid_site
37_7917N_097_7083W,37.7917,-97.7083,observed_grid_site
37_7917N_097_6250W,37.7917,-97.625,observed_grid_site
37_7917N_097_5417W,37.7917,-97.5417,observed_grid_site
37_7917N_097_4583W,37.7917,-97.4583,observed_grid_site
37_7917N_097_3750W,37.7917,-97.375,observed_grid_site
37_7917N_097_2917W,37.7917,-97.2917,observed_grid_site
37_7917N_097_2083W,37.7917,-97.2083,observed_grid_site
37_7917N_097_1250W,37.7917,-97.125,observed_grid_site
37_7917N_097_0417W,37.7917,-97.0417,observed_grid_site
37_7917N_096_9583W,37.7917,-96.9583,observed_grid_site
37_7917N_096_8750W,37.7917,-96.875,observed_grid_site
37_7917N_096_7917W,37.7917,-96.7917,observed_grid_site
37_7917N_096_7083W,37.7917,-96.7083,observed_grid_site
37_7917N_096_6250W,37.7917,-96.625,observed_grid_site
37_7917N_096_4583W,37.7917,-96.4583,observed_grid_site
37_7917N_096_3750W,37.7917,-96.375,observed_grid_site
37_7917N_096_2917W,37.7917,-96.2917,observed_grid_site
37_7917N_096_2083W,37.7917,-96.2083,observed_grid_site
37_7917N_096_1250W,37.7917,-96.125,observed_grid_site
37_7917N_096_0417W,37.7917,-96.0417,observed_grid_site
37_7917N_095_9583W,37.7917,-95.9583,observed_grid_site
37_7917N_095_8750W,37.7917,-95.875,observed_grid_site
37_7917N_095_7917W,37.7917,-95.7917,observed_grid_site
37_7917N_095_7083W,37.7917,-95.7083,observed_grid_site
37_7917N_095_6250W,37.7917,-95.625,observed_grid_site
37_7917N_095_5417W,37.7917,-95.5417,observed_grid_site
37_7917N_095_4583W,37.7917,-95.4583,observed_grid_site
37_7917N_095_3750W,37.7917,-95.375,observed_grid_site
37_7917N_095_2917W,37.7917,-95.2917,observed_grid_site
37_7917N_095_2083W,37.7917,-95.2083,observed_grid_site
37_7917N_095_1250W,37.7917,-95.125,observed_grid_site
37_7917N_095_0417W,37.7917,-95.0417,observed_grid_site
37_7917N_094_9583W,37.7917,-94.9583,observed_grid_site
37_7917N_094_8750W,37.7917,-94.875,observed_grid_site
37_7917N_094_7917W,37.7917,-94.7917,observed_grid_site
37_7917N_094_7083W,37.7917,-94.7083,observed_grid_site
37_7917N_094_6250W,37.7917,-94.625,observed_grid_site
FILL_37_8747N_102_0417W,37.8747,-102.0417,restored_grid_site
FILL_37_8747N_101_9584W,37.8747,-101.9584,restored_grid_site
FILL_37_8747N_101_8751W,37.8747,-101.8751,restored_grid_site
FILL_37_8747N_101_7918W,37.8747,-101.7918,restored_grid_site
FILL_37_8747N_101_7085W,37.8747,-101.7085,restored_grid_site
FILL_37_8747N_101_6252W,37.8747,-101.6252,restored_grid_site
FILL_37_8747N_101_5419W,37.8747,-101.5419,restored_grid_site
FILL_37_8747N_101_4586W,37.8747,-101.4586,restored_grid_site
FILL_37_8747N_101_3753W,37.8747,-101.3753,restored_grid_site
37_8750N_101_2917W,37.875,-101.2917,observed_grid_site
37_8750N_101_2083W,37.875,-101.2083,observed_grid_site
37_8750N_101_1250W,37.875,-101.125,observed_grid_site
37_8750N_101_0417W,37.875,-101.0417,observed_grid_site
37_8750N_100_9583W,37.875,-100.9583,observed_grid_site
37_8750N_100_8750W,37.875,-100.875,observed_grid_site
37_8750N_100_7917W,37.875,-100.7917,observed_grid_site
37_8750N_100_7083W,37.875,-100.7083,observed_grid_site
37_8750N_100_6250W,37.875,-100.625,observed_grid_site
37_8750N_100_5417W,37.875,-100.5417,observed_grid_site
37_8750N_100_4583W,37.875,-100.4583,observed_grid_site
37_8750N_100_3750W,37.875,-100.375,observed_grid_site
37_8750N_100_2917W,37.875,-100.2917,observed_grid_site
37_8750N_100_2083W,37.875,-100.2083,observed_grid_site
37_8750N_100_1250W,37.875,-100.125,observed_grid_site
37_8750N_100_0417W,37.875,-100.0417,observed_grid_site
37_8750N_099_9583W,37.875,-99.9583,observed_grid_site
37_8750N_099_8750W,37.875,-99.875,observed_grid_site
37_8750N_099_7917W,37.875,-99.7917,observed_grid_site
37_8750N_099_7083W,37.875,-99.7083,observed_grid_site
37_8750N_099_6250W,37.875,-99.625,observed_grid_site
37_8750N_099_5417W,37.875,-99.5417,observed_grid_site
37_8750N_099_4583W,37.875,-99.4583,observed_grid_site
37_8750N_099_3750W,37.875,-99.375,observed_grid_site
37_8750N_099_2917W,37.875,-99.2917,observed_grid_site
37_8750N_099_2083W,37.875,-99.2083,observed_grid_site
37_8750N_099_1250W,37.875,-99.125,observed_grid_site
37_8750N_099_0417W,37.875,-99.0417,observed_grid_site
37_8750N_098_9583W,37.875,-98.9583,observed_grid_site
37_8750N_098_8750W,37.875,-98.875,observed_grid_site
37_8750N_098_7917W,37.875,-98.7917,observed_grid_site
37_8750N_098_7083W,37.875,-98.7083,observed_grid_site
37_8750N_098_6250W,37.875,-98.625,observed_grid_site
37_8750N_098_5417W,37.875,-98.5417,observed_grid_site
37_8750N_098_4583W,37.875,-98.4583,observed_grid_site
37_8750N_098_3750W,37.875,-98.375,observed_grid_site
37_8750N_098_2917W,37.875,-98.2917,observed_grid_site
37_8750N_098_2083W,37.875,-98.2083,observed_grid_site
37_8750N_098_1250W,37.875,-98.125,observed_grid_site
37_8750N_098_0417W,37.875,-98.0417,observed_grid_site
37_8750N_097_9583W,37.875,-97.9583,observed_grid_site
37_8750N_097_8750W,37.875,-97.875,observed_grid_site
37_8750N_097_7917W,37.875,-97.7917,observed_grid_site
37_8750N_097_7083W,37.875,-97.7083,observed_grid_site
37_8750N_097_6250W,37.875,-97.625,observed_grid_site
37_8750N_097_5417W,37.875,-97.5417,observed_grid_site
37_8750N_097_4583W,37.875,-97.4583,observed_grid_site
37_8750N_097_3750W,37.875,-97.375,observed_grid_site
37_8750N_097_2917W,37.875,-97.2917,observed_grid_site
37_8750N_097_2083W,37.875,-97.2083,observed_grid_site
37_8750N_097_1250W,37.875,-97.125,observed_grid_site
37_8750N_097_0417W,37.875,-97.0417,observed_grid_site
37_8750N_096_9583W,37.875,-96.9583,observed_grid_site
37_8750N_096_8750W,37.875,-96.875,observed_grid_site
37_8750N_096_7917W,37.875,-96.7917,observed_grid_site
37_8750N_096_7083W,37.875,-96.7083,observed_grid_site
37_8750N_096_6250W,37.875,-96.625,observed_grid_site
37_8750N_096_5417W,37.875,-96.5417,observed_grid_site
37_8750N_096_4583W,37.875,-96.4583,observed_grid_site
37_8750N_096_3750W,37.875,-96.375,observed_grid_site
37_8750N_096_2917W,37.875,-96.2917,observed_grid_site
37_8750N_096_2083W,37.875,-96.2083,observed_grid_site
37_8750N_096_1250W,37.875,-96.125,observed_grid_site
37_8750N_096_0417W,37.875,-96.0417,observed_grid_site
37_8750N_095_9583W,37.875,-95.9583,observed_grid_site
37_8750N_095_8750W,37.875,-95.875,observed_grid_site
37_8750N_095_7917W,37.875,-95.7917,observed_grid_site
37_8750N_095_7083W,37.875,-95.7083,observed_grid_site
37_8750N_095_6250W,37.875,-95.625,observed_grid_site
37_8750N_095_5417W,37.875,-95.5417,observed_grid_site
37_8750N_095_4583W,37.875,-95.4583,observed_grid_site
37_8750N_095_3750W,37.875,-95.375,observed_grid_site
37_8750N_095_2917W,37.875,-95.2917,observed_grid_site
37_8750N_095_2083W,37.875,-95.2083,observed_grid_site
37_8750N_095_1250W,37.875,-95.125,observed_grid_site
37_8750N_095_0417W,37.875,-95.0417,observed_grid_site
37_8750N_094_9583W,37.875,-94.9583,observed_grid_site
37_8750N_094_8750W,37.875,-94.875,observed_grid_site
37_8750N_094_7917W,37.875,-94.7917,observed_grid_site
37_8750N_094_7083W,37.875,-94.7083,observed_grid_site
37_8750N_094_6250W,37.875,-94.625,observed_grid_site
FILL_37_9580N_102_0417W,37.958,-102.0417,restored_grid_site
FILL_37_9580N_101_9584W,37.958,-101.9584,restored_grid_site
FILL_37_9580N_101_8751W,37.958,-101.8751,restored_grid_site
FILL_37_9580N_101_7918W,37.958,-101.7918,restored_grid_site
FILL_37_9580N_101_7085W,37.958,-101.7085,restored_grid_site
FILL_37_9580N_101_6252W,37.958,-101.6252,restored_grid_site
FILL_37_9580N_101_5419W,37.958,-101.5419,restored_grid_site
FILL_37_9580N_101_2920W,37.958,-101.292,restored_grid_site
FILL_37_9580N_100_2091W,37.958,-100.2091,restored_grid_site
FILL_37_9580N_100_1258W,37.958,-100.1258,restored_grid_site
FILL_37_9580N_100_0425W,37.958,-100.0425,restored_grid_site
FILL_37_9580N_099_9592W,37.958,-99.9592,restored_grid_site
FILL_37_9580N_099_8759W,37.958,-99.8759,restored_grid_site
FILL_37_9580N_099_7926W,37.958,-99.7926,restored_grid_site
FILL_37_9580N_099_7093W,37.958,-99.7093,restored_grid_site
FILL_37_9580N_099_6260W,37.958,-99.626,restored_grid_site
37_9583N_101_4583W,37.9583,-101.4583,observed_grid_site
37_9583N_101_3750W,37.9583,-101.375,observed_grid_site
37_9583N_101_2083W,37.9583,-101.2083,observed_grid_site
37_9583N_101_1250W,37.9583,-101.125,observed_grid_site
37_9583N_101_0417W,37.9583,-101.0417,observed_grid_site
37_9583N_100_9583W,37.9583,-100.9583,observed_grid_site
37_9583N_100_8750W,37.9583,-100.875,observed_grid_site
37_9583N_100_7917W,37.9583,-100.7917,observed_grid_site
37_9583N_100_7083W,37.9583,-100.7083,observed_grid_site
37_9583N_100_6250W,37.9583,-100.625,observed_grid_site
37_9583N_100_5417W,37.9583,-100.5417,observed_grid_site
37_9583N_100_4583W,37.9583,-100.4583,observed_grid_site
37_9583N_100_3750W,37.9583,-100.375,observed_grid_site
37_9583N_100_2917W,37.9583,-100.2917,observed_grid_site
37_9583N_099_5417W,37.9583,-99.5417,observed_grid_site
37_9583N_099_4583W,37.9583,-99.4583,observed_grid_site
37_9583N_099_3750W,37.9583,-99.375,observed_grid_site
37_9583N_099_2917W,37.9583,-99.2917,observed_grid_site
37_9583N_099_2083W,37.9583,-99.2083,observed_grid_site
37_9583N_099_1250W,37.9583,-99.125,observed_grid_site
37_9583N_099_0417W,37.9583,-99.0417,observed_grid_site
37_9583N_098_9583W,37.9583,-98.9583,observed_grid_site
37_9583N_098_8750W,37.9583,-98.875,observed_grid_site
37_9583N_098_7917W,37.9583,-98.7917,observed_grid_site
37_9583N_098_7083W,37.9583,-98.7083,observed_grid_site
37_9583N_098_6250W,37.9583,-98.625,observed_grid_site
37_9583N_098_5417W,37.9583,-98.5417,observed_grid_site
37_9583N_098_4583W,37.9583,-98.4583,observed_grid_site
37_9583N_098_3750W,37.9583,-98.375,observed_grid_site
37_9583N_098_2917W,37.9583,-98.2917,observed_grid_site
37_9583N_098_2083W,37.9583,-98.2083,observed_grid_site
37_9583N_098_1250W,37.9583,-98.125,observed_grid_site
37_9583N_098_0417W,37.9583,-98.0417,observed_grid_site
37_9583N_097_9583W,37.9583,-97.9583,observed_grid_site
37_9583N_097_8750W,37.9583,-97.875,observed_grid_site
37_9583N_097_7917W,37.9583,-97.7917,observed_grid_site
37_9583N_097_7083W,37.9583,-97.7083,observed_grid_site
37_9583N_097_6250W,37.9583,-97.625,observed_grid_site
37_9583N_097_5417W,37.9583,-97.5417,observed_grid_site
37_9583N_097_4583W,37.9583,-97.4583,observed_grid_site
37_9583N_097_3750W,37.9583,-97.375,observed_grid_site
37_9583N_097_2917W,37.9583,-97.2917,observed_grid_site
37_9583N_097_2083W,37.9583,-97.2083,observed_grid_site
37_9583N_097_1250W,37.9583,-97.125,observed_grid_site
37_9583N_097_0417W,37.9583,-97.0417,observed_grid_site
37_9583N_096_9583W,37.9583,-96.9583,observed_grid_site
37_9583N_096_8750W,37.9583,-96.875,observed_grid_site
37_9583N_096_7917W,37.9583,-96.7917,observed_grid_site
37_9583N_096_7083W,37.9583,-96.7083,observed_grid_site
37_9583N_096_6250W,37.9583,-96.625,observed_grid_site
37_9583N_096_5417W,37.9583,-96.5417,observed_grid_site
37_9583N_096_4583W,37.9583,-96.4583,observed_grid_site
37_9583N_096_3750W,37.9583,-96.375,observed_grid_site
37_9583N_096_2917W,37.9583,-96.2917,observed_grid_site
37_9583N_096_2083W,37.9583,-96.2083,observed_grid_site
37_9583N_096_1250W,37.9583,-96.125,observed_grid_site
37_9583N_096_0417W,37.9583,-96.0417,observed_grid_site
37_9583N_095_9583W,37.9583,-95.9583,observed_grid_site
37_9583N_095_8750W,37.9583,-95.875,observed_grid_site
37_9583N_095_7917W,37.9583,-95.7917,observed_grid_site
37_9583N_095_7083W,37.9583,-95.7083,observed_grid_site
37_9583N_095_6250W,37.9583,-95.625,observed_grid_site
37_9583N_095_5417W,37.9583,-95.5417,observed_grid_site
37_9583N_095_4583W,37.9583,-95.4583,observed_grid_site
37_9583N_095_3750W,37.9583,-95.375,observed_grid_site
37_9583N_095_2917W,37.9583,-95.2917,observed_grid_site
37_9583N_095_2083W,37.9583,-95.2083,observed_grid_site
37_9583N_095_1250W,37.9583,-95.125,observed_grid_site
37_9583N_095_0417W,37.9583,-95.0417,observed_grid_site
37_9583N_094_9583W,37.9583,-94.9583,observed_grid_site
37_9583N_094_8750W,37.9583,-94.875,observed_grid_site
37_9583N_094_7917W,37.9583,-94.7917,observed_grid_site
37_9583N_094_7083W,37.9583,-94.7083,observed_grid_site
37_9583N_094_6250W,37.9583,-94.625,observed_grid_site
FILL_38_0413N_102_0417W,38.0413,-102.0417,restored_grid_site
FILL_38_0413N_101_9584W,38.0413,-101.9584,restored_grid_site
FILL_38_0413N_101_8751W,38.0413,-101.8751,restored_grid_site
FILL_38_0413N_101_7918W,38.0413,-101.7918,restored_grid_site
FILL_38_0413N_101_7085W,38.0413,-101.7085,restored_grid_site
FILL_38_0413N_101_6252W,38.0413,-101.6252,restored_grid_site
FILL_38_0413N_101_5419W,38.0413,-101.5419,restored_grid_site
FILL_38_0413N_101_1254W,38.0413,-101.1254,restored_grid_site
FILL_38_0413N_100_2091W,38.0413,-100.2091,restored_grid_site
FILL_38_0413N_100_1258W,38.0413,-100.1258,restored_grid_site
FILL_38_0413N_100_0425W,38.0413,-100.0425,restored_grid_site
FILL_38_0413N_099_9592W,38.0413,-99.9592,restored_grid_site
FILL_38_0413N_099_8759W,38.0413,-99.8759,restored_grid_site
FILL_38_0413N_099_7926W,38.0413,-99.7926,restored_grid_site
FILL_38_0413N_099_7093W,38.0413,-99.7093,restored_grid_site
FILL_38_0413N_099_6260W,38.0413,-99.626,restored_grid_site
38_0417N_101_4583W,38.0417,-101.4583,observed_grid_site
38_0417N_101_3750W,38.0417,-101.375,observed_grid_site
38_0417N_101_2917W,38.0417,-101.2917,observed_grid_site
38_0417N_101_2083W,38.0417,-101.2083,observed_grid_site
38_0417N_101_0417W,38.0417,-101.0417,observed_grid_site
38_0417N_100_9583W,38.0417,-100.9583,observed_grid_site
38_0417N_100_8750W,38.0417,-100.875,observed_grid_site
38_0417N_100_7917W,38.0417,-100.7917,observed_grid_site
38_0417N_100_7083W,38.0417,-100.7083,observed_grid_site
38_0417N_100_6250W,38.0417,-100.625,observed_grid_site
38_0417N_100_5417W,38.0417,-100.5417,observed_grid_site
38_0417N_100_4583W,38.0417,-100.4583,observed_grid_site
38_0417N_100_3750W,38.0417,-100.375,observed_grid_site
38_0417N_100_2917W,38.0417,-100.2917,observed_grid_site
38_0417N_099_5417W,38.0417,-99.5417,observed_grid_site
38_0417N_099_4583W,38.0417,-99.4583,observed_grid_site
38_0417N_099_3750W,38.0417,-99.375,observed_grid_site
38_0417N_099_2917W,38.0417,-99.2917,observed_grid_site
38_0417N_099_2083W,38.0417,-99.2083,observed_grid_site
38_0417N_099_1250W,38.0417,-99.125,observed_grid_site
38_0417N_099_0417W,38.0417,-99.0417,observed_grid_site
38_0417N_098_9583W,38.0417,-98.9583,observed_grid_site
38_0417N_098_8750W,38.0417,-98.875,observed_grid_site
38_0417N_098_7917W,38.0417,-98.7917,observed_grid_site
38_0417N_098_7083W,38.0417,-98.7083,observed_grid_site
38_0417N_098_6250W,38.0417,-98.625,observed_grid_site
38_0417N_098_5417W,38.0417,-98.5417,observed_grid_site
38_0417N_098_4583W,38.0417,-98.4583,observed_grid_site
38_0417N_098_3750W,38.0417,-98.375,observed_grid_site
38_0417N_098_2917W,38.0417,-98.2917,observed_grid_site
38_0417N_098_2083W,38.0417,-98.2083,observed_grid_site
38_0417N_098_1250W,38.0417,-98.125,observed_grid_site
38_0417N_098_0417W,38.0417,-98.0417,observed_grid_site
38_0417N_097_9583W,38.0417,-97.9583,observed_grid_site
38_0417N_097_8750W,38.0417,-97.875,observed_grid_site
38_0417N_097_7917W,38.0417,-97.7917,observed_grid_site
38_0417N_097_7083W,38.0417,-97.7083,observed_grid_site
38_0417N_097_6250W,38.0417,-97.625,observed_grid_site
38_0417N_097_5417W,38.0417,-97.5417,observed_grid_site
38_0417N_097_4583W,38.0417,-97.4583,observed_grid_site
38_0417N_097_3750W,38.0417,-97.375,observed_grid_site
38_0417N_097_2917W,38.0417,-97.2917,observed_grid_site
38_0417N_097_2083W,38.0417,-97.2083,observed_grid_site
38_0417N_097_1250W,38.0417,-97.125,observed_grid_site
38_0417N_097_0417W,38.0417,-97.0417,observed_grid_site
38_0417N_096_9583W,38.0417,-96.9583,observed_grid_site
38_0417N_096_8750W,38.0417,-96.875,observed_grid_site
38_0417N_096_7917W,38.0417,-96.7917,observed_grid_site
38_0417N_096_7083W,38.0417,-96.7083,observed_grid_site
38_0417N_096_6250W,38.0417,-96.625,observed_grid_site
38_0417N_096_5417W,38.0417,-96.5417,observed_grid_site
38_0417N_096_4583W,38.0417,-96.4583,observed_grid_site
38_0417N_096_3750W,38.0417,-96.375,observed_grid_site
38_0417N_096_2917W,38.0417,-96.2917,observed_grid_site
38_0417N_096_2083W,38.0417,-96.2083,observed_grid_site
38_0417N_096_1250W,38.0417,-96.125,observed_grid_site
38_0417N_096_0417W,38.0417,-96.0417,observed_grid_site
38_0417N_095_9583W,38.0417,-95.9583,observed_grid_site
38_0417N_095_8750W,38.0417,-95.875,observed_grid_site
38_0417N_095_7917W,38.0417,-95.7917,observed_grid_site
38_0417N_095_7083W,38.0417,-95.7083,observed_grid_site
38_0417N_095_6250W,38.0417,-95.625,observed_grid_site
38_0417N_095_5417W,38.0417,-95.5417,observed_grid_site
38_0417N_095_4583W,38.0417,-95.4583,observed_grid_site
38_0417N_095_3750W,38.0417,-95.375,observed_grid_site
38_0417N_095_2917W,38.0417,-95.2917,observed_grid_site
38_0417N_095_2083W,38.0417,-95.2083,observed_grid_site
38_0417N_095_1250W,38.0417,-95.125,observed_grid_site
38_0417N_095_0417W,38.0417,-95.0417,observed_grid_site
38_0417N_094_9583W,38.0417,-94.9583,observed_grid_site
38_0417N_094_8750W,38.0417,-94.875,observed_grid_site
38_0417N_094_7917W,38.0417,-94.7917,observed_grid_site
38_0417N_094_7083W,38.0417,-94.7083,observed_grid_site
38_0417N_094_6250W,38.0417,-94.625,observed_grid_site
FILL_38_1246N_102_0417W,38.1246,-102.0417,restored_grid_site
FILL_38_1246N_101_9584W,38.1246,-101.9584,restored_grid_site
FILL_38_1246N_101_8751W,38.1246,-101.8751,restored_grid_site
FILL_38_1246N_101_7918W,38.1246,-101.7918,restored_grid_site
FILL_38_1246N_101_7085W,38.1246,-101.7085,restored_grid_site
FILL_38_1246N_101_6252W,38.1246,-101.6252,restored_grid_site
FILL_38_1246N_101_5419W,38.1246,-101.5419,restored_grid_site
FILL_38_1246N_101_4586W,38.1246,-101.4586,restored_grid_site
FILL_38_1246N_100_2091W,38.1246,-100.2091,restored_grid_site
FILL_38_1246N_100_1258W,38.1246,-100.1258,restored_grid_site
FILL_38_1246N_100_0425W,38.1246,-100.0425,restored_grid_site
FILL_38_1246N_099_9592W,38.1246,-99.9592,restored_grid_site
FILL_38_1246N_099_8759W,38.1246,-99.8759,restored_grid_site
FILL_38_1246N_099_7926W,38.1246,-99.7926,restored_grid_site
FILL_38_1246N_099_7093W,38.1246,-99.7093,restored_grid_site
FILL_38_1246N_099_6260W,38.1246,-99.626,restored_grid_site
38_1250N_101_3750W,38.125,-101.375,observed_grid_site
38_1250N_101_2917W,38.125,-101.2917,observed_grid_site
38_1250N_101_2083W,38.125,-101.2083,observed_grid_site
38_1250N_101_1250W,38.125,-101.125,observed_grid_site
38_1250N_101_0417W,38.125,-101.0417,observed_grid_site
38_1250N_100_9583W,38.125,-100.9583,observed_grid_site
38_1250N_100_8750W,38.125,-100.875,observed_grid_site
38_1250N_100_7917W,38.125,-100.7917,observed_grid_site
38_1250N_100_7083W,38.125,-100.7083,observed_grid_site
38_1250N_100_6250W,38.125,-100.625,observed_grid_site
38_1250N_100_5417W,38.125,-100.5417,observed_grid_site
38_1250N_100_4583W,38.125,-100.4583,observed_grid_site
38_1250N_100_3750W,38.125,-100.375,observed_grid_site
38_1250N_100_2917W,38.125,-100.2917,observed_grid_site
38_1250N_099_5417W,38.125,-99.5417,observed_grid_site
38_1250N_099_4583W,38.125,-99.4583,observed_grid_site
38_1250N_099_3750W,38.125,-99.375,observed_grid_site
38_1250N_099_2917W,38.125,-99.2917,observed_grid_site
38_1250N_099_2083W,38.125,-99.2083,observed_grid_site
38_1250N_099_1250W,38.125,-99.125,observed_grid_site
38_1250N_099_0417W,38.125,-99.0417,observed_grid_site
38_1250N_098_9583W,38.125,-98.9583,observed_grid_site
38_1250N_098_8750W,38.125,-98.875,observed_grid_site
38_1250N_098_7917W,38.125,-98.7917,observed_grid_site
38_1250N_098_7083W,38.125,-98.7083,observed_grid_site
38_1250N_098_6250W,38.125,-98.625,observed_grid_site
38_1250N_098_5417W,38.125,-98.5417,observed_grid_site
38_1250N_098_4583W,38.125,-98.4583,observed_grid_site
38_1250N_098_3750W,38.125,-98.375,observed_grid_site
38_1250N_098_2917W,38.125,-98.2917,observed_grid_site
38_1250N_098_2083W,38.125,-98.2083,observed_grid_site
38_1250N_098_1250W,38.125,-98.125,observed_grid_site
38_1250N_098_0417W,38.125,-98.0417,observed_grid_site
38_1250N_097_9583W,38.125,-97.9583,observed_grid_site
38_1250N_097_8750W,38.125,-97.875,observed_grid_site
38_1250N_097_7917W,38.125,-97.7917,observed_grid_site
38_1250N_097_7083W,38.125,-97.7083,observed_grid_site
38_1250N_097_6250W,38.125,-97.625,observed_grid_site
38_1250N_097_5417W,38.125,-97.5417,observed_grid_site
38_1250N_097_4583W,38.125,-97.4583,observed_grid_site
38_1250N_097_3750W,38.125,-97.375,observed_grid_site
38_1250N_097_2917W,38.125,-97.2917,observed_grid_site
38_1250N_097_2083W,38.125,-97.2083,observed_grid_site
38_1250N_097_1250W,38.125,-97.125,observed_grid_site
38_1250N_097_0417W,38.125,-97.0417,observed_grid_site
38_1250N_096_9583W,38.125,-96.9583,observed_grid_site
38_1250N_096_8750W,38.125,-96.875,observed_grid_site
38_1250N_096_7917W,38.125,-96.7917,observed_grid_site
38_1250N_096_7083W,38.125,-96.7083,observed_grid_site
38_1250N_096_6250W,38.125,-96.625,observed_grid_site
38_1250N_096_5417W,38.125,-96.5417,observed_grid_site
38_1250N_096_4583W,38.125,-96.4583,observed_grid_site
38_1250N_096_3750W,38.125,-96.375,observed_grid_site
38_1250N_096_2917W,38.125,-96.2917,observed_grid_site
38_1250N_096_2083W,38.125,-96.2083,observed_grid_site
38_1250N_096_1250W,38.125,-96.125,observed_grid_site
38_1250N_096_0417W,38.125,-96.0417,observed_grid_site
38_1250N_095_9583W,38.125,-95.9583,observed_grid_site
38_1250N_095_8750W,38.125,-95.875,observed_grid_site
38_1250N_095_7917W,38.125,-95.7917,observed_grid_site
38_1250N_095_7083W,38.125,-95.7083,observed_grid_site
38_1250N_095_6250W,38.125,-95.625,observed_grid_site
38_1250N_095_5417W,38.125,-95.5417,observed_grid_site
38_1250N_095_4583W,38.125,-95.4583,observed_grid_site
38_1250N_095_3750W,38.125,-95.375,observed_grid_site
38_1250N_095_2917W,38.125,-95.2917,observed_grid_site
38_1250N_095_2083W,38.125,-95.2083,observed_grid_site
38_1250N_095_1250W,38.125,-95.125,observed_grid_site
38_1250N_095_0417W,38.125,-95.0417,observed_grid_site
38_1250N_094_9583W,38.125,-94.9583,observed_grid_site
38_1250N_094_8750W,38.125,-94.875,observed_grid_site
38_1250N_094_7917W,38.125,-94.7917,observed_grid_site
38_1250N_094_7083W,38.125,-94.7083,observed_grid_site
38_1250N_094_6250W,38.125,-94.625,observed_grid_site
FILL_38_2079N_102_0417W,38.2079,-102.0417,restored_grid_site
FILL_38_2079N_101_9584W,38.2079,-101.9584,restored_grid_site
FILL_38_2079N_101_8751W,38.2079,-101.8751,restored_grid_site
FILL_38_2079N_101_7918W,38.2079,-101.7918,restored_grid_site
FILL_38_2079N_101_7085W,38.2079,-101.7085,restored_grid_site
FILL_38_2079N_101_6252W,38.2079,-101.6252,restored_grid_site
FILL_38_2079N_101_5419W,38.2079,-101.5419,restored_grid_site
FILL_38_2079N_101_4586W,38.2079,-101.4586,restored_grid_site
FILL_38_2079N_101_3753W,38.2079,-101.3753,restored_grid_site
FILL_38_2079N_101_2920W,38.2079,-101.292,restored_grid_site
FILL_38_2079N_101_2087W,38.2079,-101.2087,restored_grid_site
FILL_38_2079N_100_2091W,38.2079,-100.2091,restored_grid_site
FILL_38_2079N_100_1258W,38.2079,-100.1258,restored_grid_site
FILL_38_2079N_100_0425W,38.2079,-100.0425,restored_grid_site
FILL_38_2079N_099_9592W,38.2079,-99.9592,restored_grid_site
FILL_38_2079N_099_8759W,38.2079,-99.8759,restored_grid_site
FILL_38_2079N_099_7926W,38.2079,-99.7926,restored_grid_site
FILL_38_2079N_099_7093W,38.2079,-99.7093,restored_grid_site
FILL_38_2079N_099_6260W,38.2079,-99.626,restored_grid_site
FILL_38_2079N_094_9612W,38.2079,-94.9612,restored_grid_site
38_2083N_101_1250W,38.2083,-101.125,observed_grid_site
38_2083N_101_0417W,38.2083,-101.0417,observed_grid_site
38_2083N_100_9583W,38.2083,-100.9583,observed_grid_site
38_2083N_100_8750W,38.2083,-100.875,observed_grid_site
38_2083N_100_7917W,38.2083,-100.7917,observed_grid_site
38_2083N_100_7083W,38.2083,-100.7083,observed_grid_site
38_2083N_100_6250W,38.2083,-100.625,observed_grid_site
38_2083N_100_5417W,38.2083,-100.5417,observed_grid_site
38_2083N_100_4583W,38.2083,-100.4583,observed_grid_site
38_2083N_100_3750W,38.2083,-100.375,observed_grid_site
38_2083N_100_2917W,38.2083,-100.2917,observed_grid_site
38_2083N_099_5417W,38.2083,-99.5417,observed_grid_site
38_2083N_099_4583W,38.2083,-99.4583,observed_grid_site
38_2083N_099_3750W,38.2083,-99.375,observed_grid_site
38_2083N_099_2917W,38.2083,-99.2917,observed_grid_site
38_2083N_099_2083W,38.2083,-99.2083,observed_grid_site
38_2083N_099_1250W,38.2083,-99.125,observed_grid_site
38_2083N_099_0417W,38.2083,-99.0417,observed_grid_site
38_2083N_098_9583W,38.2083,-98.9583,observed_grid_site
38_2083N_098_8750W,38.2083,-98.875,observed_grid_site
38_2083N_098_7917W,38.2083,-98.7917,observed_grid_site
38_2083N_098_7083W,38.2083,-98.7083,observed_grid_site
38_2083N_098_6250W,38.2083,-98.625,observed_grid_site
38_2083N_098_5417W,38.2083,-98.5417,observed_grid_site
38_2083N_098_4583W,38.2083,-98.4583,observed_grid_site
38_2083N_098_3750W,38.2083,-98.375,observed_grid_site
38_2083N_098_2917W,38.2083,-98.2917,observed_grid_site
38_2083N_098_2083W,38.2083,-98.2083,observed_grid_site
38_2083N_098_1250W,38.2083,-98.125,observed_grid_site
38_2083N_098_0417W,38.2083,-98.0417,observed_grid_site
38_2083N_097_9583W,38.2083,-97.9583,observed_grid_site
38_2083N_097_8750W,38.2083,-97.875,observed_grid_site
38_2083N_097_7917W,38.2083,-97.7917,observed_grid_site
38_2083N_097_7083W,38.2083,-97.7083,observed_grid_site
38_2083N_097_6250W,38.2083,-97.625,observed_grid_site
38_2083N_097_5417W,38.2083,-97.5417,observed_grid_site
38_2083N_097_4583W,38.2083,-97.4583,observed_grid_site
38_2083N_097_3750W,38.2083,-97.375,observed_grid_site
38_2083N_097_2917W,38.2083,-97.2917,observed_grid_site
38_2083N_097_2083W,38.2083,-97.2083,observed_grid_site
38_2083N_097_1250W,38.2083,-97.125,observed_grid_site
38_2083N_097_0417W,38.2083,-97.0417,observed_grid_site
38_2083N_096_9583W,38.2083,-96.9583,observed_grid_site
38_2083N_096_8750W,38.2083,-96.875,observed_grid_site
38_2083N_096_7917W,38.2083,-96.7917,observed_grid_site
38_2083N_096_7083W,38.2083,-96.7083,observed_grid_site
38_2083N_096_6250W,38.2083,-96.625,observed_grid_site
38_2083N_096_5417W,38.2083,-96.5417,observed_grid_site
38_2083N_096_4583W,38.2083,-96.4583,observed_grid_site
38_2083N_096_3750W,38.2083,-96.375,observed_grid_site
38_2083N_096_2917W,38.2083,-96.2917,observed_grid_site
38_2083N_096_2083W,38.2083,-96.2083,observed_grid_site
38_2083N_096_1250W,38.2083,-96.125,observed_grid_site
38_2083N_096_0417W,38.2083,-96.0417,observed_grid_site
38_2083N_095_9583W,38.2083,-95.9583,observed_grid_site
38_2083N_095_8750W,38.2083,-95.875,observed_grid_site
38_2083N_095_7917W,38.2083,-95.7917,observed_grid_site
38_2083N_095_7083W,38.2083,-95.7083,observed_grid_site
38_2083N_095_6250W,38.2083,-95.625,observed_grid_site
38_2083N_095_5417W,38.2083,-95.5417,observed_grid_site
38_2083N_095_4583W,38.2083,-95.4583,observed_grid_site
38_2083N_095_3750W,38.2083,-95.375,observed_grid_site
38_2083N_095_2917W,38.2083,-95.2917,observed_grid_site
38_2083N_095_2083W,38.2083,-95.2083,observed_grid_site
38_2083N_095_1250W,38.2083,-95.125,observed_grid_site
38_2083N_095_0417W,38.2083,-95.0417,observed_grid_site
38_2083N_094_8750W,38.2083,-94.875,observed_grid_site
38_2083N_094_7917W,38.2083,-94.7917,observed_grid_site
38_2083N_094_7083W,38.2083,-94.7083,observed_grid_site
38_2083N_094_6250W,38.2083,-94.625,observed_grid_site
FILL_38_2912N_102_0417W,38.2912,-102.0417,restored_grid_site
FILL_38_2912N_101_9584W,38.2912,-101.9584,restored_grid_site
FILL_38_2912N_101_8751W,38.2912,-101.8751,restored_grid_site
FILL_38_2912N_101_7918W,38.2912,-101.7918,restored_grid_site
FILL_38_2912N_101_7085W,38.2912,-101.7085,restored_grid_site
FILL_38_2912N_101_6252W,38.2912,-101.6252,restored_grid_site
FILL_38_2912N_101_5419W,38.2912,-101.5419,restored_grid_site
FILL_38_2912N_100_6256W,38.2912,-100.6256,restored_grid_site
FILL_38_2912N_100_5423W,38.2912,-100.5423,restored_grid_site
FILL_38_2912N_100_4590W,38.2912,-100.459,restored_grid_site
FILL_38_2912N_100_3757W,38.2912,-100.3757,restored_grid_site
FILL_38_2912N_100_2924W,38.2912,-100.2924,restored_grid_site
FILL_38_2912N_100_2091W,38.2912,-100.2091,restored_grid_site
FILL_38_2912N_100_1258W,38.2912,-100.1258,restored_grid_site
FILL_38_2912N_100_0425W,38.2912,-100.0425,restored_grid_site
FILL_38_2912N_099_9592W,38.2912,-99.9592,restored_grid_site
FILL_38_2912N_099_8759W,38.2912,-99.8759,restored_grid_site
FILL_38_2912N_099_7926W,38.2912,-99.7926,restored_grid_site
FILL_38_2912N_099_7093W,38.2912,-99.7093,restored_grid_site
FILL_38_2912N_099_6260W,38.2912,-99.626,restored_grid_site
FILL_38_2912N_098_9596W,38.2912,-98.9596,restored_grid_site
38_2917N_101_4583W,38.2917,-101.4583,observed_grid_site
38_2917N_101_3750W,38.2917,-101.375,observed_grid_site
38_2917N_101_2917W,38.2917,-101.2917,observed_grid_site
38_2917N_101_2083W,38.2917,-101.2083,observed_grid_site
38_2917N_101_1250W,38.2917,-101.125,observed_grid_site
38_2917N_101_0417W,38.2917,-101.0417,observed_grid_site
38_2917N_100_9583W,38.2917,-100.9583,observed_grid_site
38_2917N_100_8750W,38.2917,-100.875,observed_grid_site
38_2917N_100_7917W,38.2917,-100.7917,observed_grid_site
38_2917N_100_7083W,38.2917,-100.7083,observed_grid_site
38_2917N_099_5417W,38.2917,-99.5417,observed_grid_site
38_2917N_099_4583W,38.2917,-99.4583,observed_grid_site
38_2917N_099_3750W,38.2917,-99.375,observed_grid_site
38_2917N_099_2917W,38.2917,-99.2917,observed_grid_site
38_2917N_099_2083W,38.2917,-99.2083,observed_grid_site
38_2917N_099_1250W,38.2917,-99.125,observed_grid_site
38_2917N_099_0417W,38.2917,-99.0417,observed_grid_site
38_2917N_098_8750W,38.2917,-98.875,observed_grid_site
38_2917N_098_7917W,38.2917,-98.7917,observed_grid_site
38_2917N_098_7083W,38.2917,-98.7083,observed_grid_site
38_2917N_098_6250W,38.2917,-98.625,observed_grid_site
38_2917N_098_5417W,38.2917,-98.5417,observed_grid_site
38_2917N_098_4583W,38.2917,-98.4583,observed_grid_site
38_2917N_098_3750W,38.2917,-98.375,observed_grid_site
38_2917N_098_2917W,38.2917,-98.2917,observed_grid_site
38_2917N_098_2083W,38.2917,-98.2083,observed_grid_site
38_2917N_098_1250W,38.2917,-98.125,observed_grid_site
38_2917N_098_0417W,38.2917,-98.0417,observed_grid_site
38_2917N_097_9583W,38.2917,-97.9583,observed_grid_site
38_2917N_097_8750W,38.2917,-97.875,observed_grid_site
38_2917N_097_7917W,38.2917,-97.7917,observed_grid_site
38_2917N_097_7083W,38.2917,-97.7083,observed_grid_site
38_2917N_097_6250W,38.2917,-97.625,observed_grid_site
38_2917N_097_5417W,38.2917,-97.5417,observed_grid_site
38_2917N_097_4583W,38.2917,-97.4583,observed_grid_site
38_2917N_097_3750W,38.2917,-97.375,observed_grid_site
38_2917N_097_2917W,38.2917,-97.2917,observed_grid_site
38_2917N_097_2083W,38.2917,-97.2083,observed_grid_site
38_2917N_097_1250W,38.2917,-97.125,observed_grid_site
38_2917N_097_0417W,38.2917,-97.0417,observed_grid_site
38_2917N_096_9583W,38.2917,-96.9583,observed_grid_site
38_2917N_096_8750W,38.2917,-96.875,observed_grid_site
38_2917N_096_7917W,38.2917,-96.7917,observed_grid_site
38_2917N_096_7083W,38.2917,-96.7083,observed_grid_site
38_2917N_096_6250W,38.2917,-96.625,observed_grid_site
38_2917N_096_5417W,38.2917,-96.5417,observed_grid_site
38_2917N_096_4583W,38.2917,-96.4583,observed_grid_site
38_2917N_096_3750W,38.2917,-96.375,observed_grid_site
38_2917N_096_2917W,38.2917,-96.2917,observed_grid_site
38_2917N_096_2083W,38.2917,-96.2083,observed_grid_site
38_2917N_096_1250W,38.2917,-96.125,observed_grid_site
38_2917N_096_0417W,38.2917,-96.0417,observed_grid_site
38_2917N_095_9583W,38.2917,-95.9583,observed_grid_site
38_2917N_095_8750W,38.2917,-95.875,observed_grid_site
38_2917N_095_7917W,38.2917,-95.7917,observed_grid_site
38_2917N_095_7083W,38.2917,-95.7083,observed_grid_site
38_2917N_095_6250W,38.2917,-95.625,observed_grid_site
38_2917N_095_5417W,38.2917,-95.5417,observed_grid_site
38_2917N_095_4583W,38.2917,-95.4583,observed_grid_site
38_2917N_095_3750W,38.2917,-95.375,observed_grid_site
38_2917N_095_2917W,38.2917,-95.2917,observed_grid_site
38_2917N_095_2083W,38.2917,-95.2083,observed_grid_site
38_2917N_095_1250W,38.2917,-95.125,observed_grid_site
38_2917N_095_0417W,38.2917,-95.0417,observed_grid_site
38_2917N_094_9583W,38.2917,-94.9583,observed_grid_site
38_2917N_094_8750W,38.2917,-94.875,observed_grid_site
38_2917N_094_7917W,38.2917,-94.7917,observed_grid_site
38_2917N_094_7083W,38.2917,-94.7083,observed_grid_site
38_2917N_094_6250W,38.2917,-94.625,observed_grid_site
FILL_38_3745N_102_0417W,38.3745,-102.0417,restored_grid_site
FILL_38_3745N_101_9584W,38.3745,-101.9584,restored_grid_site
FILL_38_3745N_101_8751W,38.3745,-101.8751,restored_grid_site
FILL_38_3745N_101_7918W,38.3745,-101.7918,restored_grid_site
FILL_38_3745N_101_7085W,38.3745,-101.7085,restored_grid_site
FILL_38_3745N_101_6252W,38.3745,-101.6252,restored_grid_site
FILL_38_3745N_101_5419W,38.3745,-101.5419,restored_grid_site
FILL_38_3745N_101_4586W,38.3745,-101.4586,restored_grid_site
FILL_38_3745N_100_6256W,38.3745,-100.6256,restored_grid_site
FILL_38_3745N_100_5423W,38.3745,-100.5423,restored_grid_site
FILL_38_3745N_100_4590W,38.3745,-100.459,restored_grid_site
FILL_38_3745N_100_3757W,38.3745,-100.3757,restored_grid_site
FILL_38_3745N_100_2924W,38.3745,-100.2924,restored_grid_site
FILL_38_3745N_100_2091W,38.3745,-100.2091,restored_grid_site
FILL_38_3745N_100_1258W,38.3745,-100.1258,restored_grid_site
FILL_38_3745N_100_0425W,38.3745,-100.0425,restored_grid_site
FILL_38_3745N_099_9592W,38.3745,-99.9592,restored_grid_site
FILL_38_3745N_099_8759W,38.3745,-99.8759,restored_grid_site
FILL_38_3745N_099_7926W,38.3745,-99.7926,restored_grid_site
FILL_38_3745N_099_7093W,38.3745,-99.7093,restored_grid_site
FILL_38_3745N_099_6260W,38.3745,-99.626,restored_grid_site
38_3750N_101_3750W,38.375,-101.375,observed_grid_site
38_3750N_101_2917W,38.375,-101.2917,observed_grid_site
38_3750N_101_2083W,38.375,-101.2083,observed_grid_site
38_3750N_101_1250W,38.375,-101.125,observed_grid_site
38_3750N_101_0417W,38.375,-101.0417,observed_grid_site
38_3750N_100_9583W,38.375,-100.9583,observed_grid_site
38_3750N_100_8750W,38.375,-100.875,observed_grid_site
38_3750N_100_7917W,38.375,-100.7917,observed_grid_site
38_3750N_100_7083W,38.375,-100.7083,observed_grid_site
38_3750N_099_5417W,38.375,-99.5417,observed_grid_site
38_3750N_099_4583W,38.375,-99.4583,observed_grid_site
38_3750N_099_3750W,38.375,-99.375,observed_grid_site
38_3750N_099_2917W,38.375,-99.2917,observed_grid_site
38_3750N_099_2083W,38.375,-99.2083,observed_grid_site
38_3750N_099_1250W,38.375,-99.125,observed_grid_site
38_3750N_099_0417W,38.375,-99.0417,observed_grid_site
38_3750N_098_9583W,38.375,-98.9583,observed_grid_site
38_3750N_098_8750W,38.375,-98.875,observed_grid_site
38_3750N_098_7917W,38.375,-98.7917,observed_grid_site
38_3750N_098_7083W,38.375,-98.7083,observed_grid_site
38_3750N_098_6250W,38.375,-98.625,observed_grid_site
38_3750N_098_5417W,38.375,-98.5417,observed_grid_site
38_3750N_098_4583W,38.375,-98.4583,observed_grid_site
38_3750N_098_3750W,38.375,-98.375,observed_grid_site
38_3750N_098_2917W,38.375,-98.2917,observed_grid_site
38_3750N_098_2083W,38.375,-98.2083,observed_grid_site
38_3750N_098_1250W,38.375,-98.125,observed_grid_site
38_3750N_098_0417W,38.375,-98.0417,observed_grid_site
38_3750N_097_9583W,38.375,-97.9583,observed_grid_site
38_3750N_097_8750W,38.375,-97.875,observed_grid_site
38_3750N_097_7917W,38.375,-97.7917,observed_grid_site
38_3750N_097_7083W,38.375,-97.7083,observed_grid_site
38_3750N_097_6250W,38.375,-97.625,observed_grid_site
38_3750N_097_5417W,38.375,-97.5417,observed_grid_site
38_3750N_097_4583W,38.375,-97.4583,observed_grid_site
38_3750N_097_3750W,38.375,-97.375,observed_grid_site
38_3750N_097_2917W,38.375,-97.2917,observed_grid_site
38_3750N_097_2083W,38.375,-97.2083,observed_grid_site
38_3750N_097_1250W,38.375,-97.125,observed_grid_site
38_3750N_097_0417W,38.375,-97.0417,observed_grid_site
38_3750N_096_9583W,38.375,-96.9583,observed_grid_site
38_3750N_096_8750W,38.375,-96.875,observed_grid_site
38_3750N_096_7917W,38.375,-96.7917,observed_grid_site
38_3750N_096_7083W,38.375,-96.7083,observed_grid_site
38_3750N_096_6250W,38.375,-96.625,observed_grid_site
38_3750N_096_5417W,38.375,-96.5417,observed_grid_site
38_3750N_096_4583W,38.375,-96.4583,observed_grid_site
38_3750N_096_3750W,38.375,-96.375,observed_grid_site
38_3750N_096_2917W,38.375,-96.2917,observed_grid_site
38_3750N_096_2083W,38.375,-96.2083,observed_grid_site
38_3750N_096_1250W,38.375,-96.125,observed_grid_site
38_3750N_096_0417W,38.375,-96.0417,observed_grid_site
38_3750N_095_9583W,38.375,-95.9583,observed_grid_site
38_3750N_095_8750W,38.375,-95.875,observed_grid_site
38_3750N_095_7917W,38.375,-95.7917,observed_grid_site
38_3750N_095_7083W,38.375,-95.7083,observed_grid_site
38_3750N_095_6250W,38.375,-95.625,observed_grid_site
38_3750N_095_5417W,38.375,-95.5417,observed_grid_site
38_3750N_095_4583W,38.375,-95.4583,observed_grid_site
38_3750N_095_3750W,38.375,-95.375,observed_grid_site
38_3750N_095_2917W,38.375,-95.2917,observed_grid_site
38_3750N_095_2083W,38.375,-95.2083,observed_grid_site
38_3750N_095_1250W,38.375,-95.125,observed_grid_site
38_3750N_095_0417W,38.375,-95.0417,observed_grid_site
38_3750N_094_9583W,38.375,-94.9583,observed_grid_site
38_3750N_094_8750W,38.375,-94.875,observed_grid_site
38_3750N_094_7917W,38.375,-94.7917,observed_grid_site
38_3750N_094_7083W,38.375,-94.7083,observed_grid_site
38_3750N_094_6250W,38.375,-94.625,observed_grid_site
FILL_38_4578N_102_0417W,38.4578,-102.0417,restored_grid_site
FILL_38_4578N_101_9584W,38.4578,-101.9584,restored_grid_site
FILL_38_4578N_101_8751W,38.4578,-101.8751,restored_grid_site
FILL_38_4578N_101_7085W,38.4578,-101.7085,restored_grid_site
FILL_38_4578N_101_6252W,38.4578,-101.6252,restored_grid_site
FILL_38_4578N_101_5419W,38.4578,-101.5419,restored_grid_site
FILL_38_4578N_100_6256W,38.4578,-100.6256,restored_grid_site
FILL_38_4578N_100_5423W,38.4578,-100.5423,restored_grid_site
FILL_38_4578N_100_4590W,38.4578,-100.459,restored_grid_site
FILL_38_4578N_100_3757W,38.4578,-100.3757,restored_grid_site
FILL_38_4578N_100_2924W,38.4578,-100.2924,restored_grid_site
FILL_38_4578N_100_2091W,38.4578,-100.2091,restored_grid_site
FILL_38_4578N_100_1258W,38.4578,-100.1258,restored_grid_site
FILL_38_4578N_100_0425W,38.4578,-100.0425,restored_grid_site
FILL_38_4578N_099_9592W,38.4578,-99.9592,restored_grid_site
FILL_38_4578N_099_8759W,38.4578,-99.8759,restored_grid_site
FILL_38_4578N_099_7926W,38.4578,-99.7926,restored_grid_site
FILL_38_4578N_099_7093W,38.4578,-99.7093,restored_grid_site
FILL_38_4578N_099_6260W,38.4578,-99.626,restored_grid_site
38_4583N_101_7917W,38.4583,-101.7917,observed_grid_site
38_4583N_101_4583W,38.4583,-101.4583,observed_grid_site
38_4583N_101_3750W,38.4583,-101.375,observed_grid_site
38_4583N_101_2917W,38.4583,-101.2917,observed_grid_site
38_4583N_101_2083W,38.4583,-101.2083,observed_grid_site
38_4583N_101_1250W,38.4583,-101.125,observed_grid_site
38_4583N_101_0417W,38.4583,-101.0417,observed_grid_site
38_4583N_100_9583W,38.4583,-100.9583,observed_grid_site
38_4583N_100_8750W,38.4583,-100.875,observed_grid_site
38_4583N_100_7917W,38.4583,-100.7917,observed_grid_site
38_4583N_100_7083W,38.4583,-100.7083,observed_grid_site
38_4583N_099_5417W,38.4583,-99.5417,observed_grid_site
38_4583N_099_4583W,38.4583,-99.4583,observed_grid_site
38_4583N_099_3750W,38.4583,-99.375,observed_grid_site
38_4583N_099_2917W,38.4583,-99.2917,observed_grid_site
38_4583N_099_2083W,38.4583,-99.2083,observed_grid_site
38_4583N_099_1250W,38.4583,-99.125,observed_grid_site
38_4583N_099_0417W,38.4583,-99.0417,observed_grid_site
38_4583N_098_9583W,38.4583,-98.9583,observed_grid_site
38_4583N_098_8750W,38.4583,-98.875,observed_grid_site
38_4583N_098_7917W,38.4583,-98.7917,observed_grid_site
38_4583N_098_7083W,38.4583,-98.7083,observed_grid_site
38_4583N_098_6250W,38.4583,-98.625,observed_grid_site
38_4583N_098_5417W,38.4583,-98.5417,observed_grid_site
38_4583N_098_4583W,38.4583,-98.4583,observed_grid_site
38_4583N_098_3750W,38.4583,-98.375,observed_grid_site
38_4583N_098_2917W,38.4583,-98.2917,observed_grid_site
38_4583N_098_2083W,38.4583,-98.2083,observed_grid_site
38_4583N_098_1250W,38.4583,-98.125,observed_grid_site
38_4583N_098_0417W,38.4583,-98.0417,observed_grid_site
38_4583N_097_9583W,38.4583,-97.9583,observed_grid_site
38_4583N_097_8750W,38.4583,-97.875,observed_grid_site
38_4583N_097_7917W,38.4583,-97.7917,observed_grid_site
38_4583N_097_7083W,38.4583,-97.7083,observed_grid_site
38_4583N_097_6250W,38.4583,-97.625,observed_grid_site
38_4583N_097_5417W,38.4583,-97.5417,observed_grid_site
38_4583N_097_4583W,38.4583,-97.4583,observed_grid_site
38_4583N_097_3750W,38.4583,-97.375,observed_grid_site
38_4583N_097_2917W,38.4583,-97.2917,observed_grid_site
38_4583N_097_2083W,38.4583,-97.2083,observed_grid_site
38_4583N_097_1250W,38.4583,-97.125,observed_grid_site
38_4583N_097_0417W,38.4583,-97.0417,observed_grid_site
38_4583N_096_9583W,38.4583,-96.9583,observed_grid_site
38_4583N_096_8750W,38.4583,-96.875,observed_grid_site
38_4583N_096_7917W,38.4583,-96.7917,observed_grid_site
38_4583N_096_7083W,38.4583,-96.7083,observed_grid_site
38_4583N_096_6250W,38.4583,-96.625,observed_grid_site
38_4583N_096_5417W,38.4583,-96.5417,observed_grid_site
38_4583N_096_4583W,38.4583,-96.4583,observed_grid_site
38_4583N_096_3750W,38.4583,-96.375,observed_grid_site
38_4583N_096_2917W,38.4583,-96.2917,observed_grid_site
38_4583N_096_2083W,38.4583,-96.2083,observed_grid_site
38_4583N_096_1250W,38.4583,-96.125,observed_grid_site
38_4583N_096_0417W,38.4583,-96.0417,observed_grid_site
38_4583N_095_9583W,38.4583,-95.9583,observed_grid_site
38_4583N_095_8750W,38.4583,-95.875,observed_grid_site
38_4583N_095_7917W,38.4583,-95.7917,observed_grid_site
38_4583N_095_7083W,38.4583,-95.7083,observed_grid_site
38_4583N_095_6250W,38.4583,-95.625,observed_grid_site
38_4583N_095_5417W,38.4583,-95.5417,observed_grid_site
38_4583N_095_4583W,38.4583,-95.4583,observed_grid_site
38_4583N_095_3750W,38.4583,-95.375,observed_grid_site
38_4583N_095_2917W,38.4583,-95.2917,observed_grid_site
38_4583N_095_2083W,38.4583,-95.2083,observed_grid_site
38_4583N_095_1250W,38.4583,-95.125,observed_grid_site
38_4583N_095_0417W,38.4583,-95.0417,observed_grid_site
38_4583N_094_9583W,38.4583,-94.9583,observed_grid_site
38_4583N_094_8750W,38.4583,-94.875,observed_grid_site
38_4583N_094_7917W,38.4583,-94.7917,observed_grid_site
38_4583N_094_7083W,38.4583,-94.7083,observed_grid_site
38_4583N_094_6250W,38.4583,-94.625,observed_grid_site
FILL_38_5411N_102_0417W,38.5411,-102.0417,restored_grid_site
FILL_38_5411N_101_9584W,38.5411,-101.9584,restored_grid_site
FILL_38_5411N_101_6252W,38.5411,-101.6252,restored_grid_site
FILL_38_5411N_101_5419W,38.5411,-101.5419,restored_grid_site
FILL_38_5411N_100_6256W,38.5411,-100.6256,restored_grid_site
FILL_38_5411N_100_5423W,38.5411,-100.5423,restored_grid_site
FILL_38_5411N_100_4590W,38.5411,-100.459,restored_grid_site
FILL_38_5411N_100_3757W,38.5411,-100.3757,restored_grid_site
FILL_38_5411N_100_2924W,38.5411,-100.2924,restored_grid_site
FILL_38_5411N_100_2091W,38.5411,-100.2091,restored_grid_site
FILL_38_5411N_100_1258W,38.5411,-100.1258,restored_grid_site
FILL_38_5411N_100_0425W,38.5411,-100.0425,restored_grid_site
FILL_38_5411N_099_9592W,38.5411,-99.9592,restored_grid_site
FILL_38_5411N_099_8759W,38.5411,-99.8759,restored_grid_site
FILL_38_5411N_099_7926W,38.5411,-99.7926,restored_grid_site
FILL_38_5411N_099_7093W,38.5411,-99.7093,restored_grid_site
FILL_38_5411N_099_6260W,38.5411,-99.626,restored_grid_site
FILL_38_5411N_098_4598W,38.5411,-98.4598,restored_grid_site
FILL_38_5411N_098_3765W,38.5411,-98.3765,restored_grid_site
FILL_38_5411N_098_2932W,38.5411,-98.2932,restored_grid_site
FILL_38_5411N_098_2099W,38.5411,-98.2099,restored_grid_site
FILL_38_5411N_098_1266W,38.5411,-98.1266,restored_grid_site
FILL_38_5411N_098_0433W,38.5411,-98.0433,restored_grid_site
FILL_38_5411N_097_9600W,38.5411,-97.96,restored_grid_site
38_5417N_101_8750W,38.5417,-101.875,observed_grid_site
38_5417N_101_7917W,38.5417,-101.7917,observed_grid_site
38_5417N_101_7083W,38.5417,-101.7083,observed_grid_site
38_5417N_101_4583W,38.5417,-101.4583,observed_grid_site
38_5417N_101_3750W,38.5417,-101.375,observed_grid_site
38_5417N_101_2917W,38.5417,-101.2917,observed_grid_site
38_5417N_101_2083W,38.5417,-101.2083,observed_grid_site
38_5417N_101_1250W,38.5417,-101.125,observed_grid_site
38_5417N_101_0417W,38.5417,-101.0417,observed_grid_site
38_5417N_100_9583W,38.5417,-100.9583,observed_grid_site
38_5417N_100_8750W,38.5417,-100.875,observed_grid_site
38_5417N_100_7917W,38.5417,-100.7917,observed_grid_site
38_5417N_100_7083W,38.5417,-100.7083,observed_grid_site
38_5417N_099_5417W,38.5417,-99.5417,observed_grid_site
38_5417N_099_4583W,38.5417,-99.4583,observed_grid_site
38_5417N_099_3750W,38.5417,-99.375,observed_grid_site
38_5417N_099_2917W,38.5417,-99.2917,observed_grid_site
38_5417N_099_2083W,38.5417,-99.2083,observed_grid_site
38_5417N_099_1250W,38.5417,-99.125,observed_grid_site
38_5417N_099_0417W,38.5417,-99.0417,observed_grid_site
38_5417N_098_9583W,38.5417,-98.9583,observed_grid_site
38_5417N_098_8750W,38.5417,-98.875,observed_grid_site
38_5417N_098_7917W,38.5417,-98.7917,observed_grid_site
38_5417N_098_7083W,38.5417,-98.7083,observed_grid_site
38_5417N_098_6250W,38.5417,-98.625,observed_grid_site
38_5417N_098_5417W,38.5417,-98.5417,observed_grid_site
38_5417N_097_8750W,38.5417,-97.875,observed_grid_site
38_5417N_097_7917W,38.5417,-97.7917,observed_grid_site
38_5417N_097_7083W,38.5417,-97.7083,observed_grid_site
38_5417N_097_6250W,38.5417,-97.625,observed_grid_site
38_5417N_097_5417W,38.5417,-97.5417,observed_grid_site
38_5417N_097_4583W,38.5417,-97.4583,observed_grid_site
38_5417N_097_3750W,38.5417,-97.375,observed_grid_site
38_5417N_097_2917W,38.5417,-97.2917,observed_grid_site
38_5417N_097_2083W,38.5417,-97.2083,observed_grid_site
38_5417N_097_1250W,38.5417,-97.125,observed_grid_site
38_5417N_097_0417W,38.5417,-97.0417,observed_grid_site
38_5417N_096_9583W,38.5417,-96.9583,observed_grid_site
38_5417N_096_8750W,38.5417,-96.875,observed_grid_site
38_5417N_096_7917W,38.5417,-96.7917,observed_grid_site
38_5417N_096_7083W,38.5417,-96.7083,observed_grid_site
38_5417N_096_6250W,38.5417,-96.625,observed_grid_site
38_5417N_096_5417W,38.5417,-96.5417,observed_grid_site
38_5417N_096_4583W,38.5417,-96.4583,observed_grid_site
38_5417N_096_3750W,38.5417,-96.375,observed_grid_site
38_5417N_096_2917W,38.5417,-96.2917,observed_grid_site
38_5417N_096_2083W,38.5417,-96.2083,observed_grid_site
38_5417N_096_1250W,38.5417,-96.125,observed_grid_site
38_5417N_096_0417W,38.5417,-96.0417,observed_grid_site
38_5417N_095_9583W,38.5417,-95.9583,observed_grid_site
38_5417N_095_8750W,38.5417,-95.875,observed_grid_site
38_5417N_095_7917W,38.5417,-95.7917,observed_grid_site
38_5417N_095_7083W,38.5417,-95.7083,observed_grid_site
38_5417N_095_6250W,38.5417,-95.625,observed_grid_site
38_5417N_095_5417W,38.5417,-95.5417,observed_grid_site
38_5417N_095_4583W,38.5417,-95.4583,observed_grid_site
38_5417N_095_3750W,38.5417,-95.375,observed_grid_site
38_5417N_095_2917W,38.5417,-95.2917,observed_grid_site
38_5417N_095_2083W,38.5417,-95.2083,observed_grid_site
38_5417N_095_1250W,38.5417,-95.125,observed_grid_site
38_5417N_095_0417W,38.5417,-95.0417,observed_grid_site
38_5417N_094_9583W,38.5417,-94.9583,observed_grid_site
38_5417N_094_8750W,38.5417,-94.875,observed_grid_site
38_5417N_094_7917W,38.5417,-94.7917,observed_grid_site
38_5417N_094_7083W,38.5417,-94.7083,observed_grid_site
38_5417N_094_6250W,38.5417,-94.625,observed_grid_site
FILL_38_6244N_102_0417W,38.6244,-102.0417,restored_grid_site
FILL_38_6244N_101_9584W,38.6244,-101.9584,restored_grid_site
FILL_38_6244N_100_6256W,38.6244,-100.6256,restored_grid_site
FILL_38_6244N_100_5423W,38.6244,-100.5423,restored_grid_site
FILL_38_6244N_100_4590W,38.6244,-100.459,restored_grid_site
FILL_38_6244N_100_3757W,38.6244,-100.3757,restored_grid_site
FILL_38_6244N_100_2924W,38.6244,-100.2924,restored_grid_site
FILL_38_6244N_100_2091W,38.6244,-100.2091,restored_grid_site
FILL_38_6244N_100_1258W,38.6244,-100.1258,restored_grid_site
FILL_38_6244N_100_0425W,38.6244,-100.0425,restored_grid_site
FILL_38_6244N_099_9592W,38.6244,-99.9592,restored_grid_site
FILL_38_6244N_099_8759W,38.6244,-99.8759,restored_grid_site
FILL_38_6244N_099_7926W,38.6244,-99.7926,restored_grid_site
FILL_38_6244N_099_7093W,38.6244,-99.7093,restored_grid_site
FILL_38_6244N_099_6260W,38.6244,-99.626,restored_grid_site
FILL_38_6244N_098_4598W,38.6244,-98.4598,restored_grid_site
FILL_38_6244N_098_3765W,38.6244,-98.3765,restored_grid_site
FILL_38_6244N_098_2932W,38.6244,-98.2932,restored_grid_site
FILL_38_6244N_098_2099W,38.6244,-98.2099,restored_grid_site
FILL_38_6244N_098_1266W,38.6244,-98.1266,restored_grid_site
FILL_38_6244N_098_0433W,38.6244,-98.0433,restored_grid_site
FILL_38_6244N_097_9600W,38.6244,-97.96,restored_grid_site
38_6250N_101_8750W,38.625,-101.875,observed_grid_site
38_6250N_101_7917W,38.625,-101.7917,observed_grid_site
38_6250N_101_7083W,38.625,-101.7083,observed_grid_site
38_6250N_101_6250W,38.625,-101.625,observed_grid_site
38_6250N_101_5417W,38.625,-101.5417,observed_grid_site
38_6250N_101_4583W,38.625,-101.4583,observed_grid_site
38_6250N_101_3750W,38.625,-101.375,observed_grid_site
38_6250N_101_2917W,38.625,-101.2917,observed_grid_site
38_6250N_101_2083W,38.625,-101.2083,observed_grid_site
38_6250N_101_1250W,38.625,-101.125,observed_grid_site
38_6250N_101_0417W,38.625,-101.0417,observed_grid_site
38_6250N_100_9583W,38.625,-100.9583,observed_grid_site
38_6250N_100_8750W,38.625,-100.875,observed_grid_site
38_6250N_100_7917W,38.625,-100.7917,observed_grid_site
38_6250N_100_7083W,38.625,-100.7083,observed_grid_site
38_6250N_099_5417W,38.625,-99.5417,observed_grid_site
38_6250N_099_4583W,38.625,-99.4583,observed_grid_site
38_6250N_099_3750W,38.625,-99.375,observed_grid_site
38_6250N_099_2917W,38.625,-99.2917,observed_grid_site
38_6250N_099_2083W,38.625,-99.2083,observed_grid_site
38_6250N_099_1250W,38.625,-99.125,observed_grid_site
38_6250N_099_0417W,38.625,-99.0417,observed_grid_site
38_6250N_098_9583W,38.625,-98.9583,observed_grid_site
38_6250N_098_8750W,38.625,-98.875,observed_grid_site
38_6250N_098_7917W,38.625,-98.7917,observed_grid_site
38_6250N_098_7083W,38.625,-98.7083,observed_grid_site
38_6250N_098_6250W,38.625,-98.625,observed_grid_site
38_6250N_098_5417W,38.625,-98.5417,observed_grid_site
38_6250N_097_8750W,38.625,-97.875,observed_grid_site
38_6250N_097_7917W,38.625,-97.7917,observed_grid_site
38_6250N_097_7083W,38.625,-97.7083,observed_grid_site
38_6250N_097_6250W,38.625,-97.625,observed_grid_site
38_6250N_097_5417W,38.625,-97.5417,observed_grid_site
38_6250N_097_4583W,38.625,-97.4583,observed_grid_site
38_6250N_097_3750W,38.625,-97.375,observed_grid_site
38_6250N_097_2917W,38.625,-97.2917,observed_grid_site
38_6250N_097_2083W,38.625,-97.2083,observed_grid_site
38_6250N_097_1250W,38.625,-97.125,observed_grid_site
38_6250N_097_0417W,38.625,-97.0417,observed_grid_site
38_6250N_096_9583W,38.625,-96.9583,observed_grid_site
38_6250N_096_8750W,38.625,-96.875,observed_grid_site
38_6250N_096_7917W,38.625,-96.7917,observed_grid_site
38_6250N_096_7083W,38.625,-96.7083,observed_grid_site
38_6250N_096_6250W,38.625,-96.625,observed_grid_site
38_6250N_096_5417W,38.625,-96.5417,observed_grid_site
38_6250N_096_4583W,38.625,-96.4583,observed_grid_site
38_6250N_096_3750W,38.625,-96.375,observed_grid_site
38_6250N_096_2917W,38.625,-96.2917,observed_grid_site
38_6250N_096_2083W,38.625,-96.2083,observed_grid_site
38_6250N_096_1250W,38.625,-96.125,observed_grid_site
38_6250N_096_0417W,38.625,-96.0417,observed_grid_site
38_6250N_095_9583W,38.625,-95.9583,observed_grid_site
38_6250N_095_8750W,38.625,-95.875,observed_grid_site
38_6250N_095_7917W,38.625,-95.7917,observed_grid_site
38_6250N_095_7083W,38.625,-95.7083,observed_grid_site
38_6250N_095_6250W,38.625,-95.625,observed_grid_site
38_6250N_095_5417W,38.625,-95.5417,observed_grid_site
38_6250N_095_4583W,38.625,-95.4583,observed_grid_site
38_6250N_095_3750W,38.625,-95.375,observed_grid_site
38_6250N_095_2917W,38.625,-95.2917,observed_grid_site
38_6250N_095_2083W,38.625,-95.2083,observed_grid_site
38_6250N_095_1250W,38.625,-95.125,observed_grid_site
38_6250N_095_0417W,38.625,-95.0417,observed_grid_site
38_6250N_094_9583W,38.625,-94.9583,observed_grid_site
38_6250N_094_8750W,38.625,-94.875,observed_grid_site
38_6250N_094_7917W,38.625,-94.7917,observed_grid_site
38_6250N_094_7083W,38.625,-94.7083,observed_grid_site
38_6250N_094_6250W,38.625,-94.625,observed_grid_site
FILL_38_7077N_102_0417W,38.7077,-102.0417,restored_grid_site
FILL_38_7077N_101_9584W,38.7077,-101.9584,restored_grid_site
FILL_38_7077N_101_8751W,38.7077,-101.8751,restored_grid_site
FILL_38_7077N_098_4598W,38.7077,-98.4598,restored_grid_site
FILL_38_7077N_098_3765W,38.7077,-98.3765,restored_grid_site
FILL_38_7077N_098_2932W,38.7077,-98.2932,restored_grid_site
FILL_38_7077N_098_2099W,38.7077,-98.2099,restored_grid_site
FILL_38_7077N_098_1266W,38.7077,-98.1266,restored_grid_site
FILL_38_7077N_098_0433W,38.7077,-98.0433,restored_grid_site
FILL_38_7077N_097_9600W,38.7077,-97.96,restored_grid_site
38_7083N_101_7917W,38.7083,-101.7917,observed_grid_site
38_7083N_101_7083W,38.7083,-101.7083,observed_grid_site
38_7083N_101_6250W,38.7083,-101.625,observed_grid_site
38_7083N_101_5417W,38.7083,-101.5417,observed_grid_site
38_7083N_101_4583W,38.7083,-101.4583,observed_grid_site
38_7083N_101_3750W,38.7083,-101.375,observed_grid_site
38_7083N_101_2917W,38.7083,-101.2917,observed_grid_site
38_7083N_101_2083W,38.7083,-101.2083,observed_grid_site
38_7083N_101_1250W,38.7083,-101.125,observed_grid_site
38_7083N_101_0417W,38.7083,-101.0417,observed_grid_site
38_7083N_100_9583W,38.7083,-100.9583,observed_grid_site
38_7083N_100_8750W,38.7083,-100.875,observed_grid_site
38_7083N_100_7917W,38.7083,-100.7917,observed_grid_site
38_7083N_100_7083W,38.7083,-100.7083,observed_grid_site
38_7083N_100_6250W,38.7083,-100.625,observed_grid_site
38_7083N_100_5417W,38.7083,-100.5417,observed_grid_site
38_7083N_100_4583W,38.7083,-100.4583,observed_grid_site
38_7083N_100_3750W,38.7083,-100.375,observed_grid_site
38_7083N_100_2917W,38.7083,-100.2917,observed_grid_site
38_7083N_100_2083W,38.7083,-100.2083,observed_grid_site
38_7083N_100_1250W,38.7083,-100.125,observed_grid_site
38_7083N_100_0417W,38.7083,-100.0417,observed_grid_site
38_7083N_099_9583W,38.7083,-99.9583,observed_grid_site
38_7083N_099_8750W,38.7083,-99.875,observed_grid_site
38_7083N_099_7917W,38.7083,-99.7917,observed_grid_site
38_7083N_099_7083W,38.7083,-99.7083,observed_grid_site
38_7083N_099_6250W,38.7083,-99.625,observed_grid_site
38_7083N_099_5417W,38.7083,-99.5417,observed_grid_site
38_7083N_099_4583W,38.7083,-99.4583,observed_grid_site
38_7083N_099_3750W,38.7083,-99.375,observed_grid_site
38_7083N_099_2917W,38.7083,-99.2917,observed_grid_site
38_7083N_099_2083W,38.7083,-99.2083,observed_grid_site
38_7083N_099_1250W,38.7083,-99.125,observed_grid_site
38_7083N_099_0417W,38.7083,-99.0417,observed_grid_site
38_7083N_098_9583W,38.7083,-98.9583,observed_grid_site
38_7083N_098_8750W,38.7083,-98.875,observed_grid_site
38_7083N_098_7917W,38.7083,-98.7917,observed_grid_site
38_7083N_098_7083W,38.7083,-98.7083,observed_grid_site
38_7083N_098_6250W,38.7083,-98.625,observed_grid_site
38_7083N_098_5417W,38.7083,-98.5417,observed_grid_site
38_7083N_097_8750W,38.7083,-97.875,observed_grid_site
38_7083N_097_7917W,38.7083,-97.7917,observed_grid_site
38_7083N_097_7083W,38.7083,-97.7083,observed_grid_site
38_7083N_097_6250W,38.7083,-97.625,observed_grid_site
38_7083N_097_5417W,38.7083,-97.5417,observed_grid_site
38_7083N_097_4583W,38.7083,-97.4583,observed_grid_site
38_7083N_097_3750W,38.7083,-97.375,observed_grid_site
38_7083N_097_2917W,38.7083,-97.2917,observed_grid_site
38_7083N_097_2083W,38.7083,-97.2083,observed_grid_site
38_7083N_097_1250W,38.7083,-97.125,observed_grid_site
38_7083N_097_0417W,38.7083,-97.0417,observed_grid_site
38_7083N_096_9583W,38.7083,-96.9583,observed_grid_site
38_7083N_096_8750W,38.7083,-96.875,observed_grid_site
38_7083N_096_7917W,38.7083,-96.7917,observed_grid_site
38_7083N_096_7083W,38.7083,-96.7083,observed_grid_site
38_7083N_096_6250W,38.7083,-96.625,observed_grid_site
38_7083N_096_5417W,38.7083,-96.5417,observed_grid_site
38_7083N_096_4583W,38.7083,-96.4583,observed_grid_site
38_7083N_096_3750W,38.7083,-96.375,observed_grid_site
38_7083N_096_2917W,38.7083,-96.2917,observed_grid_site
38_7083N_096_2083W,38.7083,-96.2083,observed_grid_site
38_7083N_096_1250W,38.7083,-96.125,observed_grid_site
38_7083N_096_0417W,38.7083,-96.0417,observed_grid_site
38_7083N_095_9583W,38.7083,-95.9583,observed_grid_site
38_7083N_095_8750W,38.7083,-95.875,observed_grid_site
38_7083N_095_7917W,38.7083,-95.7917,observed_grid_site
38_7083N_095_7083W,38.7083,-95.7083,observed_grid_site
38_7083N_095_6250W,38.7083,-95.625,observed_grid_site
38_7083N_095_5417W,38.7083,-95.5417,observed_grid_site
38_7083N_095_4583W,38.7083,-95.4583,observed_grid_site
38_7083N_095_3750W,38.7083,-95.375,observed_grid_site
38_7083N_095_2917W,38.7083,-95.2917,observed_grid_site
38_7083N_095_2083W,38.7083,-95.2083,observed_grid_site
38_7083N_095_1250W,38.7083,-95.125,observed_grid_site
38_7083N_095_0417W,38.7083,-95.0417,observed_grid_site
38_7083N_094_9583W,38.7083,-94.9583,observed_grid_site
38_7083N_094_8750W,38.7083,-94.875,observed_grid_site
38_7083N_094_7917W,38.7083,-94.7917,observed_grid_site
38_7083N_094_7083W,38.7083,-94.7083,observed_grid_site
38_7083N_094_6250W,38.7083,-94.625,observed_grid_site
FILL_38_7910N_102_0417W,38.791,-102.0417,restored_grid_site
FILL_38_7910N_101_9584W,38.791,-101.9584,restored_grid_site
FILL_38_7910N_098_4598W,38.791,-98.4598,restored_grid_site
FILL_38_7910N_098_3765W,38.791,-98.3765,restored_grid_site
FILL_38_7910N_098_2932W,38.791,-98.2932,restored_grid_site
FILL_38_7910N_098_2099W,38.791,-98.2099,restored_grid_site
FILL_38_7910N_098_1266W,38.791,-98.1266,restored_grid_site
FILL_38_7910N_098_0433W,38.791,-98.0433,restored_grid_site
FILL_38_7910N_097_9600W,38.791,-97.96,restored_grid_site
38_7917N_101_8750W,38.7917,-101.875,observed_grid_site
38_7917N_101_7917W,38.7917,-101.7917,observed_grid_site
38_7917N_101_7083W,38.7917,-101.7083,observed_grid_site
38_7917N_101_6250W,38.7917,-101.625,observed_grid_site
38_7917N_101_5417W,38.7917,-101.5417,observed_grid_site
38_7917N_101_4583W,38.7917,-101.4583,observed_grid_site
38_7917N_101_3750W,38.7917,-101.375,observed_grid_site
38_7917N_101_2917W,38.7917,-101.2917,observed_grid_site
38_7917N_101_2083W,38.7917,-101.2083,observed_grid_site
38_7917N_101_1250W,38.7917,-101.125,observed_grid_site
38_7917N_101_0417W,38.7917,-101.0417,observed_grid_site
38_7917N_100_9583W,38.7917,-100.9583,observed_grid_site
38_7917N_100_8750W,38.7917,-100.875,observed_grid_site
38_7917N_100_7917W,38.7917,-100.7917,observed_grid_site
38_7917N_100_7083W,38.7917,-100.7083,observed_grid_site
38_7917N_100_6250W,38.7917,-100.625,observed_grid_site
38_7917N_100_5417W,38.7917,-100.5417,observed_grid_site
38_7917N_100_4583W,38.7917,-100.4583,observed_grid_site
38_7917N_100_3750W,38.7917,-100.375,observed_grid_site
38_7917N_100_2917W,38.7917,-100.2917,observed_grid_site
38_7917N_100_2083W,38.7917,-100.2083,observed_grid_site
38_7917N_100_1250W,38.7917,-100.125,observed_grid_site
38_7917N_100_0417W,38.7917,-100.0417,observed_grid_site
38_7917N_099_9583W,38.7917,-99.9583,observed_grid_site
38_7917N_099_8750W,38.7917,-99.875,observed_grid_site
38_7917N_099_7917W,38.7917,-99.7917,observed_grid_site
38_7917N_099_7083W,38.7917,-99.7083,observed_grid_site
38_7917N_099_6250W,38.7917,-99.625,observed_grid_site
38_7917N_099_5417W,38.7917,-99.5417,observed_grid_site
38_7917N_099_4583W,38.7917,-99.4583,observed_grid_site
38_7917N_099_3750W,38.7917,-99.375,observed_grid_site
38_7917N_099_2917W,38.7917,-99.2917,observed_grid_site
38_7917N_099_2083W,38.7917,-99.2083,observed_grid_site
38_7917N_099_1250W,38.7917,-99.125,observed_grid_site
38_7917N_099_0417W,38.7917,-99.0417,observed_grid_site
38_7917N_098_9583W,38.7917,-98.9583,observed_grid_site
38_7917N_098_8750W,38.7917,-98.875,observed_grid_site
38_7917N_098_7917W,38.7917,-98.7917,observed_grid_site
38_7917N_098_7083W,38.7917,-98.7083,observed_grid_site
38_7917N_098_6250W,38.7917,-98.625,observed_grid_site
38_7917N_098_5417W,38.7917,-98.5417,observed_grid_site
38_7917N_097_8750W,38.7917,-97.875,observed_grid_site
38_7917N_097_7917W,38.7917,-97.7917,observed_grid_site
38_7917N_097_7083W,38.7917,-97.7083,observed_grid_site
38_7917N_097_6250W,38.7917,-97.625,observed_grid_site
38_7917N_097_5417W,38.7917,-97.5417,observed_grid_site
38_7917N_097_4583W,38.7917,-97.4583,observed_grid_site
38_7917N_097_3750W,38.7917,-97.375,observed_grid_site
38_7917N_097_2917W,38.7917,-97.2917,observed_grid_site
38_7917N_097_2083W,38.7917,-97.2083,observed_grid_site
38_7917N_097_1250W,38.7917,-97.125,observed_grid_site
38_7917N_097_0417W,38.7917,-97.0417,observed_grid_site
38_7917N_096_9583W,38.7917,-96.9583,observed_grid_site
38_7917N_096_8750W,38.7917,-96.875,observed_grid_site
38_7917N_096_7917W,38.7917,-96.7917,observed_grid_site
38_7917N_096_7083W,38.7917,-96.7083,observed_grid_site
38_7917N_096_6250W,38.7917,-96.625,observed_grid_site
38_7917N_096_5417W,38.7917,-96.5417,observed_grid_site
38_7917N_096_4583W,38.7917,-96.4583,observed_grid_site
38_7917N_096_3750W,38.7917,-96.375,observed_grid_site
38_7917N_096_2917W,38.7917,-96.2917,observed_grid_site
38_7917N_096_2083W,38.7917,-96.2083,observed_grid_site
38_7917N_096_1250W,38.7917,-96.125,observed_grid_site
38_7917N_096_0417W,38.7917,-96.0417,observed_grid_site
38_7917N_095_9583W,38.7917,-95.9583,observed_grid_site
38_7917N_095_8750W,38.7917,-95.875,observed_grid_site
38_7917N_095_7917W,38.7917,-95.7917,observed_grid_site
38_7917N_095_7083W,38.7917,-95.7083,observed_grid_site
38_7917N_095_6250W,38.7917,-95.625,observed_grid_site
38_7917N_095_5417W,38.7917,-95.5417,observed_grid_site
38_7917N_095_4583W,38.7917,-95.4583,observed_grid_site
38_7917N_095_3750W,38.7917,-95.375,observed_grid_site
38_7917N_095_2917W,38.7917,-95.2917,observed_grid_site
38_7917N_095_2083W,38.7917,-95.2083,observed_grid_site
38_7917N_095_1250W,38.7917,-95.125,observed_grid_site
38_7917N_095_0417W,38.7917,-95.0417,observed_grid_site
38_7917N_094_9583W,38.7917,-94.9583,observed_grid_site
38_7917N_094_8750W,38.7917,-94.875,observed_grid_site
38_7917N_094_7917W,38.7917,-94.7917,observed_grid_site
38_7917N_094_7083W,38.7917,-94.7083,observed_grid_site
38_7917N_094_6250W,38.7917,-94.625,observed_grid_site
FILL_38_8743N_102_0417W,38.8743,-102.0417,restored_grid_site
FILL_38_8743N_101_9584W,38.8743,-101.9584,restored_grid_site
38_8750N_101_8750W,38.875,-101.875,observed_grid_site
38_8750N_101_7917W,38.875,-101.7917,observed_grid_site
38_8750N_101_7083W,38.875,-101.7083,observed_grid_site
38_8750N_101_6250W,38.875,-101.625,observed_grid_site
38_8750N_101_5417W,38.875,-101.5417,observed_grid_site
38_8750N_101_4583W,38.875,-101.4583,observed_grid_site
38_8750N_101_3750W,38.875,-101.375,observed_grid_site
38_8750N_101_2917W,38.875,-101.2917,observed_grid_site
38_8750N_101_2083W,38.875,-101.2083,observed_grid_site
38_8750N_101_1250W,38.875,-101.125,observed_grid_site
38_8750N_101_0417W,38.875,-101.0417,observed_grid_site
38_8750N_100_9583W,38.875,-100.9583,observed_grid_site
38_8750N_100_8750W,38.875,-100.875,observed_grid_site
38_8750N_100_7917W,38.875,-100.7917,observed_grid_site
38_8750N_100_7083W,38.875,-100.7083,observed_grid_site
38_8750N_100_6250W,38.875,-100.625,observed_grid_site
38_8750N_100_5417W,38.875,-100.5417,observed_grid_site
38_8750N_100_4583W,38.875,-100.4583,observed_grid_site
38_8750N_100_3750W,38.875,-100.375,observed_grid_site
38_8750N_100_2917W,38.875,-100.2917,observed_grid_site
38_8750N_100_2083W,38.875,-100.2083,observed_grid_site
38_8750N_100_1250W,38.875,-100.125,observed_grid_site
38_8750N_100_0417W,38.875,-100.0417,observed_grid_site
38_8750N_099_9583W,38.875,-99.9583,observed_grid_site
38_8750N_099_8750W,38.875,-99.875,observed_grid_site
38_8750N_099_7917W,38.875,-99.7917,observed_grid_site
38_8750N_099_7083W,38.875,-99.7083,observed_grid_site
38_8750N_099_6250W,38.875,-99.625,observed_grid_site
38_8750N_099_5417W,38.875,-99.5417,observed_grid_site
38_8750N_099_4583W,38.875,-99.4583,observed_grid_site
38_8750N_099_3750W,38.875,-99.375,observed_grid_site
38_8750N_099_2917W,38.875,-99.2917,observed_grid_site
38_8750N_099_2083W,38.875,-99.2083,observed_grid_site
38_8750N_099_1250W,38.875,-99.125,observed_grid_site
38_8750N_099_0417W,38.875,-99.0417,observed_grid_site
38_8750N_098_9583W,38.875,-98.9583,observed_grid_site
38_8750N_098_8750W,38.875,-98.875,observed_grid_site
38_8750N_098_7917W,38.875,-98.7917,observed_grid_site
38_8750N_098_7083W,38.875,-98.7083,observed_grid_site
38_8750N_098_6250W,38.875,-98.625,observed_grid_site
38_8750N_098_5417W,38.875,-98.5417,observed_grid_site
38_8750N_098_4583W,38.875,-98.4583,observed_grid_site
38_8750N_098_3750W,38.875,-98.375,observed_grid_site
38_8750N_098_2917W,38.875,-98.2917,observed_grid_site
38_8750N_098_2083W,38.875,-98.2083,observed_grid_site
38_8750N_098_1250W,38.875,-98.125,observed_grid_site
38_8750N_098_0417W,38.875,-98.0417,observed_grid_site
38_8750N_097_9583W,38.875,-97.9583,observed_grid_site
38_8750N_097_8750W,38.875,-97.875,observed_grid_site
38_8750N_097_7917W,38.875,-97.7917,observed_grid_site
38_8750N_097_7083W,38.875,-97.7083,observed_grid_site
38_8750N_097_6250W,38.875,-97.625,observed_grid_site
38_8750N_097_5417W,38.875,-97.5417,observed_grid_site
38_8750N_097_4583W,38.875,-97.4583,observed_grid_site
38_8750N_097_3750W,38.875,-97.375,observed_grid_site
38_8750N_097_2917W,38.875,-97.2917,observed_grid_site
38_8750N_097_2083W,38.875,-97.2083,observed_grid_site
38_8750N_097_1250W,38.875,-97.125,observed_grid_site
38_8750N_097_0417W,38.875,-97.0417,observed_grid_site
38_8750N_096_9583W,38.875,-96.9583,observed_grid_site
38_8750N_096_8750W,38.875,-96.875,observed_grid_site
38_8750N_096_7917W,38.875,-96.7917,observed_grid_site
38_8750N_096_7083W,38.875,-96.7083,observed_grid_site
38_8750N_096_6250W,38.875,-96.625,observed_grid_site
38_8750N_096_5417W,38.875,-96.5417,observed_grid_site
38_8750N_096_4583W,38.875,-96.4583,observed_grid_site
38_8750N_096_3750W,38.875,-96.375,observed_grid_site
38_8750N_096_2917W,38.875,-96.2917,observed_grid_site
38_8750N_096_2083W,38.875,-96.2083,observed_grid_site
38_8750N_096_1250W,38.875,-96.125,observed_grid_site
38_8750N_096_0417W,38.875,-96.0417,observed_grid_site
38_8750N_095_9583W,38.875,-95.9583,observed_grid_site
38_8750N_095_8750W,38.875,-95.875,observed_grid_site
38_8750N_095_7917W,38.875,-95.7917,observed_grid_site
38_8750N_095_7083W,38.875,-95.7083,observed_grid_site
38_8750N_095_6250W,38.875,-95.625,observed_grid_site
38_8750N_095_5417W,38.875,-95.5417,observed_grid_site
38_8750N_095_4583W,38.875,-95.4583,observed_grid_site
38_8750N_095_3750W,38.875,-95.375,observed_grid_site
38_8750N_095_2917W,38.875,-95.2917,observed_grid_site
38_8750N_095_2083W,38.875,-95.2083,observed_grid_site
38_8750N_095_1250W,38.875,-95.125,observed_grid_site
38_8750N_095_0417W,38.875,-95.0417,observed_grid_site
38_8750N_094_9583W,38.875,-94.9583,observed_grid_site
38_8750N_094_8750W,38.875,-94.875,observed_grid_site
38_8750N_094_7917W,38.875,-94.7917,observed_grid_site
38_8750N_094_7083W,38.875,-94.7083,observed_grid_site
38_8750N_094_6250W,38.875,-94.625,observed_grid_site
FILL_38_9576N_102_0417W,38.9576,-102.0417,restored_grid_site
FILL_38_9576N_101_9584W,38.9576,-101.9584,restored_grid_site
FILL_38_9576N_094_7113W,38.9576,-94.7113,restored_grid_site
38_9583N_101_8750W,38.9583,-101.875,observed_grid_site
38_9583N_101_7917W,38.9583,-101.7917,observed_grid_site
38_9583N_101_7083W,38.9583,-101.7083,observed_grid_site
38_9583N_101_6250W,38.9583,-101.625,observed_grid_site
38_9583N_101_5417W,38.9583,-101.5417,observed_grid_site
38_9583N_101_4583W,38.9583,-101.4583,observed_grid_site
38_9583N_101_3750W,38.9583,-101.375,observed_grid_site
38_9583N_101_2917W,38.9583,-101.2917,observed_grid_site
38_9583N_101_2083W,38.9583,-101.2083,observed_grid_site
38_9583N_101_1250W,38.9583,-101.125,observed_grid_site
38_9583N_101_0417W,38.9583,-101.0417,observed_grid_site
38_9583N_100_9583W,38.9583,-100.9583,observed_grid_site
38_9583N_100_8750W,38.9583,-100.875,observed_grid_site
38_9583N_100_7917W,38.9583,-100.7917,observed_grid_site
38_9583N_100_7083W,38.9583,-100.7083,observed_grid_site
38_9583N_100_6250W,38.9583,-100.625,observed_grid_site
38_9583N_100_5417W,38.9583,-100.5417,observed_grid_site
38_9583N_100_4583W,38.9583,-100.4583,observed_grid_site
38_9583N_100_3750W,38.9583,-100.375,observed_grid_site
38_9583N_100_2917W,38.9583,-100.2917,observed_grid_site
38_9583N_100_2083W,38.9583,-100.2083,observed_grid_site
38_9583N_100_1250W,38.9583,-100.125,observed_grid_site
38_9583N_100_0417W,38.9583,-100.0417,observed_grid_site
38_9583N_099_9583W,38.9583,-99.9583,observed_grid_site
38_9583N_099_8750W,38.9583,-99.875,observed_grid_site
38_9583N_099_7917W,38.9583,-99.7917,observed_grid_site
38_9583N_099_7083W,38.9583,-99.7083,observed_grid_site
38_9583N_099_6250W,38.9583,-99.625,observed_grid_site
38_9583N_099_5417W,38.9583,-99.5417,observed_grid_site
38_9583N_099_4583W,38.9583,-99.4583,observed_grid_site
38_9583N_099_3750W,38.9583,-99.375,observed_grid_site
38_9583N_099_2917W,38.9583,-99.2917,observed_grid_site
38_9583N_099_2083W,38.9583,-99.2083,observed_grid_site
38_9583N_099_1250W,38.9583,-99.125,observed_grid_site
38_9583N_099_0417W,38.9583,-99.0417,observed_grid_site
38_9583N_098_9583W,38.9583,-98.9583,observed_grid_site
38_9583N_098_8750W,38.9583,-98.875,observed_grid_site
38_9583N_098_7917W,38.9583,-98.7917,observed_grid_site
38_9583N_098_7083W,38.9583,-98.7083,observed_grid_site
38_9583N_098_6250W,38.9583,-98.625,observed_grid_site
38_9583N_098_5417W,38.9583,-98.5417,observed_grid_site
38_9583N_098_4583W,38.9583,-98.4583,observed_grid_site
38_9583N_098_3750W,38.9583,-98.375,observed_grid_site
38_9583N_098_2917W,38.9583,-98.2917,observed_grid_site
38_9583N_098_2083W,38.9583,-98.2083,observed_grid_site
38_9583N_098_1250W,38.9583,-98.125,observed_grid_site
38_9583N_098_0417W,38.9583,-98.0417,observed_grid_site
38_9583N_097_9583W,38.9583,-97.9583,observed_grid_site
38_9583N_097_8750W,38.9583,-97.875,observed_grid_site
38_9583N_097_7917W,38.9583,-97.7917,observed_grid_site
38_9583N_097_7083W,38.9583,-97.7083,observed_grid_site
38_9583N_097_6250W,38.9583,-97.625,observed_grid_site
38_9583N_097_5417W,38.9583,-97.5417,observed_grid_site
38_9583N_097_4583W,38.9583,-97.4583,observed_grid_site
38_9583N_097_3750W,38.9583,-97.375,observed_grid_site
38_9583N_097_2917W,38.9583,-97.2917,observed_grid_site
38_9583N_097_2083W,38.9583,-97.2083,observed_grid_site
38_9583N_097_1250W,38.9583,-97.125,observed_grid_site
38_9583N_097_0417W,38.9583,-97.0417,observed_grid_site
38_9583N_096_9583W,38.9583,-96.9583,observed_grid_site
38_9583N_096_8750W,38.9583,-96.875,observed_grid_site
38_9583N_096_7917W,38.9583,-96.7917,observed_grid_site
38_9583N_096_7083W,38.9583,-96.7083,observed_grid_site
38_9583N_096_6250W,38.9583,-96.625,observed_grid_site
38_9583N_096_5417W,38.9583,-96.5417,observed_grid_site
38_9583N_096_4583W,38.9583,-96.4583,observed_grid_site
38_9583N_096_3750W,38.9583,-96.375,observed_grid_site
38_9583N_096_2917W,38.9583,-96.2917,observed_grid_site
38_9583N_096_2083W,38.9583,-96.2083,observed_grid_site
38_9583N_096_1250W,38.9583,-96.125,observed_grid_site
38_9583N_096_0417W,38.9583,-96.0417,observed_grid_site
38_9583N_095_9583W,38.9583,-95.9583,observed_grid_site
38_9583N_095_8750W,38.9583,-95.875,observed_grid_site
38_9583N_095_7917W,38.9583,-95.7917,observed_grid_site
38_9583N_095_7083W,38.9583,-95.7083,observed_grid_site
38_9583N_095_6250W,38.9583,-95.625,observed_grid_site
38_9583N_095_5417W,38.9583,-95.5417,observed_grid_site
38_9583N_095_4583W,38.9583,-95.4583,observed_grid_site
38_9583N_095_3750W,38.9583,-95.375,observed_grid_site
38_9583N_095_2917W,38.9583,-95.2917,observed_grid_site
38_9583N_095_2083W,38.9583,-95.2083,observed_grid_site
38_9583N_095_1250W,38.9583,-95.125,observed_grid_site
38_9583N_095_0417W,38.9583,-95.0417,observed_grid_site
38_9583N_094_9583W,38.9583,-94.9583,observed_grid_site
38_9583N_094_8750W,38.9583,-94.875,observed_grid_site
38_9583N_094_7917W,38.9583,-94.7917,observed_grid_site
38_9583N_094_6250W,38.9583,-94.625,observed_grid_site
FILL_39_0409N_095_1278W,39.0409,-95.1278,restored_grid_site
FILL_39_0409N_095_0445W,39.0409,-95.0445,restored_grid_site
FILL_39_0409N_094_9612W,39.0409,-94.9612,restored_grid_site
39_0417N_102_0417W,39.0417,-102.0417,observed_grid_site
39_0417N_101_9583W,39.0417,-101.9583,observed_grid_site
39_0417N_101_8750W,39.0417,-101.875,observed_grid_site
39_0417N_101_7917W,39.0417,-101.7917,observed_grid_site
39_0417N_101_7083W,39.0417,-101.7083,observed_grid_site
39_0417N_101_6250W,39.0417,-101.625,observed_grid_site
39_0417N_101_5417W,39.0417,-101.5417,observed_grid_site
39_0417N_101_4583W,39.0417,-101.4583,observed_grid_site
39_0417N_101_3750W,39.0417,-101.375,observed_grid_site
39_0417N_101_2917W,39.0417,-101.2917,observed_grid_site
39_0417N_101_2083W,39.0417,-101.2083,observed_grid_site
39_0417N_101_1250W,39.0417,-101.125,observed_grid_site
39_0417N_101_0417W,39.0417,-101.0417,observed_grid_site
39_0417N_100_9583W,39.0417,-100.9583,observed_grid_site
39_0417N_100_8750W,39.0417,-100.875,observed_grid_site
39_0417N_100_7917W,39.0417,-100.7917,observed_grid_site
39_0417N_100_7083W,39.0417,-100.7083,observed_grid_site
39_0417N_100_6250W,39.0417,-100.625,observed_grid_site
39_0417N_100_5417W,39.0417,-100.5417,observed_grid_site
39_0417N_100_4583W,39.0417,-100.4583,observed_grid_site
39_0417N_100_3750W,39.0417,-100.375,observed_grid_site
39_0417N_100_2917W,39.0417,-100.2917,observed_grid_site
39_0417N_100_2083W,39.0417,-100.2083,observed_grid_site
39_0417N_100_1250W,39.0417,-100.125,observed_grid_site
39_0417N_100_0417W,39.0417,-100.0417,observed_grid_site
39_0417N_099_9583W,39.0417,-99.9583,observed_grid_site
39_0417N_099_8750W,39.0417,-99.875,observed_grid_site
39_0417N_099_7917W,39.0417,-99.7917,observed_grid_site
39_0417N_099_7083W,39.0417,-99.7083,observed_grid_site
39_0417N_099_6250W,39.0417,-99.625,observed_grid_site
39_0417N_099_5417W,39.0417,-99.5417,observed_grid_site
39_0417N_099_4583W,39.0417,-99.4583,observed_grid_site
39_0417N_099_3750W,39.0417,-99.375,observed_grid_site
39_0417N_099_2917W,39.0417,-99.2917,observed_grid_site
39_0417N_099_2083W,39.0417,-99.2083,observed_grid_site
39_0417N_099_1250W,39.0417,-99.125,observed_grid_site
39_0417N_099_0417W,39.0417,-99.0417,observed_grid_site
39_0417N_098_9583W,39.0417,-98.9583,observed_grid_site
39_0417N_098_8750W,39.0417,-98.875,observed_grid_site
39_0417N_098_7917W,39.0417,-98.7917,observed_grid_site
39_0417N_098_7083W,39.0417,-98.7083,observed_grid_site
39_0417N_098_6250W,39.0417,-98.625,observed_grid_site
39_0417N_098_5417W,39.0417,-98.5417,observed_grid_site
39_0417N_098_4583W,39.0417,-98.4583,observed_grid_site
39_0417N_098_3750W,39.0417,-98.375,observed_grid_site
39_0417N_098_2917W,39.0417,-98.2917,observed_grid_site
39_0417N_098_2083W,39.0417,-98.2083,observed_grid_site
39_0417N_098_1250W,39.0417,-98.125,observed_grid_site
39_0417N_098_0417W,39.0417,-98.0417,observed_grid_site
39_0417N_097_9583W,39.0417,-97.9583,observed_grid_site
39_0417N_097_8750W,39.0417,-97.875,observed_grid_site
39_0417N_097_7917W,39.0417,-97.7917,observed_grid_site
39_0417N_097_7083W,39.0417,-97.7083,observed_grid_site
39_0417N_097_6250W,39.0417,-97.625,observed_grid_site
39_0417N_097_5417W,39.0417,-97.5417,observed_grid_site
39_0417N_097_4583W,39.0417,-97.4583,observed_grid_site
39_0417N_097_3750W,39.0417,-97.375,observed_grid_site
39_0417N_097_2917W,39.0417,-97.2917,observed_grid_site
39_0417N_097_2083W,39.0417,-97.2083,observed_grid_site
39_0417N_097_1250W,39.0417,-97.125,observed_grid_site
39_0417N_097_0417W,39.0417,-97.0417,observed_grid_site
39_0417N_096_9583W,39.0417,-96.9583,observed_grid_site
39_0417N_096_8750W,39.0417,-96.875,observed_grid_site
39_0417N_096_7917W,39.0417,-96.7917,observed_grid_site
39_0417N_096_7083W,39.0417,-96.7083,observed_grid_site
39_0417N_096_6250W,39.0417,-96.625,observed_grid_site
39_0417N_096_5417W,39.0417,-96.5417,observed_grid_site
39_0417N_096_4583W,39.0417,-96.4583,observed_grid_site
39_0417N_096_3750W,39.0417,-96.375,observed_grid_site
39_0417N_096_2917W,39.0417,-96.2917,observed_grid_site
39_0417N_096_2083W,39.0417,-96.2083,observed_grid_site
39_0417N_096_1250W,39.0417,-96.125,observed_grid_site
39_0417N_096_0417W,39.0417,-96.0417,observed_grid_site
39_0417N_095_9583W,39.0417,-95.9583,observed_grid_site
39_0417N_095_8750W,39.0417,-95.875,observed_grid_site
39_0417N_095_7917W,39.0417,-95.7917,observed_grid_site
39_0417N_095_7083W,39.0417,-95.7083,observed_grid_site
39_0417N_095_6250W,39.0417,-95.625,observed_grid_site
39_0417N_095_5417W,39.0417,-95.5417,observed_grid_site
39_0417N_095_4583W,39.0417,-95.4583,observed_grid_site
39_0417N_095_3750W,39.0417,-95.375,observed_grid_site
39_0417N_095_2917W,39.0417,-95.2917,observed_grid_site
39_0417N_095_2083W,39.0417,-95.2083,observed_grid_site
39_0417N_094_8750W,39.0417,-94.875,observed_grid_site
39_0417N_094_7917W,39.0417,-94.7917,observed_grid_site
39_0417N_094_7083W,39.0417,-94.7083,observed_grid_site
39_0417N_094_6250W,39.0417,-94.625,observed_grid_site
39_1250N_102_0417W,39.125,-102.0417,observed_grid_site
39_1250N_101_9583W,39.125,-101.9583,observed_grid_site
39_1250N_101_8750W,39.125,-101.875,observed_grid_site
39_1250N_101_7917W,39.125,-101.7917,observed_grid_site
39_1250N_101_7083W,39.125,-101.7083,observed_grid_site
39_1250N_101_6250W,39.125,-101.625,observed_grid_site
39_1250N_101_5417W,39.125,-101.5417,observed_grid_site
39_1250N_101_4583W,39.125,-101.4583,observed_grid_site
39_1250N_101_3750W,39.125,-101.375,observed_grid_site
39_1250N_101_2917W,39.125,-101.2917,observed_grid_site
39_1250N_101_2083W,39.125,-101.2083,observed_grid_site
39_1250N_101_1250W,39.125,-101.125,observed_grid_site
39_1250N_101_0417W,39.125,-101.0417,observed_grid_site
39_1250N_100_9583W,39.125,-100.9583,observed_grid_site
39_1250N_100_8750W,39.125,-100.875,observed_grid_site
39_1250N_100_7917W,39.125,-100.7917,observed_grid_site
39_1250N_100_7083W,39.125,-100.7083,observed_grid_site
39_1250N_100_6250W,39.125,-100.625,observed_grid_site
39_1250N_100_5417W,39.125,-100.5417,observed_grid_site
39_1250N_100_4583W,39.125,-100.4583,observed_grid_site
39_1250N_100_3750W,39.125,-100.375,observed_grid_site
39_1250N_100_2917W,39.125,-100.2917,observed_grid_site
39_1250N_100_2083W,39.125,-100.2083,observed_grid_site
39_1250N_100_1250W,39.125,-100.125,observed_grid_site
39_1250N_100_0417W,39.125,-100.0417,observed_grid_site
39_1250N_099_9583W,39.125,-99.9583,observed_grid_site
39_1250N_099_8750W,39.125,-99.875,observed_grid_site
39_1250N_099_7917W,39.125,-99.7917,observed_grid_site
39_1250N_099_7083W,39.125,-99.7083,observed_grid_site
39_1250N_099_6250W,39.125,-99.625,observed_grid_site
39_1250N_099_5417W,39.125,-99.5417,observed_grid_site
39_1250N_099_4583W,39.125,-99.4583,observed_grid_site
39_1250N_099_3750W,39.125,-99.375,observed_grid_site
39_1250N_099_2917W,39.125,-99.2917,observed_grid_site
39_1250N_099_2083W,39.125,-99.2083,observed_grid_site
39_1250N_099_1250W,39.125,-99.125,observed_grid_site
39_1250N_099_0417W,39.125,-99.0417,observed_grid_site
39_1250N_098_9583W,39.125,-98.9583,observed_grid_site
39_1250N_098_8750W,39.125,-98.875,observed_grid_site
39_1250N_098_7917W,39.125,-98.7917,observed_grid_site
39_1250N_098_7083W,39.125,-98.7083,observed_grid_site
39_1250N_098_6250W,39.125,-98.625,observed_grid_site
39_1250N_098_5417W,39.125,-98.5417,observed_grid_site
39_1250N_098_4583W,39.125,-98.4583,observed_grid_site
39_1250N_098_3750W,39.125,-98.375,observed_grid_site
39_1250N_098_2917W,39.125,-98.2917,observed_grid_site
39_1250N_098_2083W,39.125,-98.2083,observed_grid_site
39_1250N_098_1250W,39.125,-98.125,observed_grid_site
39_1250N_098_0417W,39.125,-98.0417,observed_grid_site
39_1250N_097_9583W,39.125,-97.9583,observed_grid_site
39_1250N_097_8750W,39.125,-97.875,observed_grid_site
39_1250N_097_7917W,39.125,-97.7917,observed_grid_site
39_1250N_097_7083W,39.125,-97.7083,observed_grid_site
39_1250N_097_6250W,39.125,-97.625,observed_grid_site
39_1250N_097_5417W,39.125,-97.5417,observed_grid_site
39_1250N_097_4583W,39.125,-97.4583,observed_grid_site
39_1250N_097_3750W,39.125,-97.375,observed_grid_site
39_1250N_097_2917W,39.125,-97.2917,observed_grid_site
39_1250N_097_2083W,39.125,-97.2083,observed_grid_site
39_1250N_097_1250W,39.125,-97.125,observed_grid_site
39_1250N_097_0417W,39.125,-97.0417,observed_grid_site
39_1250N_096_9583W,39.125,-96.9583,observed_grid_site
39_1250N_096_8750W,39.125,-96.875,observed_grid_site
39_1250N_096_7917W,39.125,-96.7917,observed_grid_site
39_1250N_096_7083W,39.125,-96.7083,observed_grid_site
39_1250N_096_6250W,39.125,-96.625,observed_grid_site
39_1250N_096_5417W,39.125,-96.5417,observed_grid_site
39_1250N_096_4583W,39.125,-96.4583,observed_grid_site
39_1250N_096_3750W,39.125,-96.375,observed_grid_site
39_1250N_096_2917W,39.125,-96.2917,observed_grid_site
39_1250N_096_2083W,39.125,-96.2083,observed_grid_site
39_1250N_096_1250W,39.125,-96.125,observed_grid_site
39_1250N_096_0417W,39.125,-96.0417,observed_grid_site
39_1250N_095_9583W,39.125,-95.9583,observed_grid_site
39_1250N_095_8750W,39.125,-95.875,observed_grid_site
39_1250N_095_7917W,39.125,-95.7917,observed_grid_site
39_1250N_095_7083W,39.125,-95.7083,observed_grid_site
39_1250N_095_6250W,39.125,-95.625,observed_grid_site
39_1250N_095_5417W,39.125,-95.5417,observed_grid_site
39_1250N_095_4583W,39.125,-95.4583,observed_grid_site
39_1250N_095_3750W,39.125,-95.375,observed_grid_site
39_1250N_095_2917W,39.125,-95.2917,observed_grid_site
39_1250N_095_2083W,39.125,-95.2083,observed_grid_site
39_2083N_102_0417W,39.2083,-102.0417,observed_grid_site
39_2083N_101_9583W,39.2083,-101.9583,observed_grid_site
39_2083N_101_8750W,39.2083,-101.875,observed_grid_site
39_2083N_101_7917W,39.2083,-101.7917,observed_grid_site
39_2083N_101_7083W,39.2083,-101.7083,observed_grid_site
39_2083N_101_6250W,39.2083,-101.625,observed_grid_site
39_2083N_101_5417W,39.2083,-101.5417,observed_grid_site
39_2083N_101_4583W,39.2083,-101.4583,observed_grid_site
39_2083N_101_3750W,39.2083,-101.375,observed_grid_site
39_2083N_101_2917W,39.2083,-101.2917,observed_grid_site
39_2083N_101_2083W,39.2083,-101.2083,observed_grid_site
39_2083N_101_1250W,39.2083,-101.125,observed_grid_site
39_2083N_101_0417W,39.2083,-101.0417,observed_grid_site
39_2083N_100_9583W,39.2083,-100.9583,observed_grid_site
39_2083N_100_8750W,39.2083,-100.875,observed_grid_site
39_2083N_100_7917W,39.2083,-100.7917,observed_grid_site
39_2083N_100_7083W,39.2083,-100.7083,observed_grid_site
39_2083N_100_6250W,39.2083,-100.625,observed_grid_site
39_2083N_100_5417W,39.2083,-100.5417,observed_grid_site
39_2083N_100_4583W,39.2083,-100.4583,observed_grid_site
39_2083N_100_3750W,39.2083,-100.375,observed_grid_site
39_2083N_100_2917W,39.2083,-100.2917,observed_grid_site
39_2083N_100_2083W,39.2083,-100.2083,observed_grid_site
39_2083N_100_1250W,39.2083,-100.125,observed_grid_site
39_2083N_100_0417W,39.2083,-100.0417,observed_grid_site
39_2083N_099_9583W,39.2083,-99.9583,observed_grid_site
39_2083N_099_8750W,39.2083,-99.875,observed_grid_site
39_2083N_099_7917W,39.2083,-99.7917,observed_grid_site
39_2083N_099_7083W,39.2083,-99.7083,observed_grid_site
39_2083N_099_6250W,39.2083,-99.625,observed_grid_site
39_2083N_099_5417W,39.2083,-99.5417,observed_grid_site
39_2083N_099_4583W,39.2083,-99.4583,observed_grid_site
39_2083N_099_3750W,39.2083,-99.375,observed_grid_site
39_2083N_099_2917W,39.2083,-99.2917,observed_grid_site
39_2083N_099_2083W,39.2083,-99.2083,observed_grid_site
39_2083N_099_1250W,39.2083,-99.125,observed_grid_site
39_2083N_099_0417W,39.2083,-99.0417,observed_grid_site
39_2083N_098_9583W,39.2083,-98.9583,observed_grid_site
39_2083N_098_8750W,39.2083,-98.875,observed_grid_site
39_2083N_098_7917W,39.2083,-98.7917,observed_grid_site
39_2083N_098_7083W,39.2083,-98.7083,observed_grid_site
39_2083N_098_6250W,39.2083,-98.625,observed_grid_site
39_2083N_098_5417W,39.2083,-98.5417,observed_grid_site
39_2083N_098_4583W,39.2083,-98.4583,observed_grid_site
39_2083N_098_3750W,39.2083,-98.375,observed_grid_site
39_2083N_098_2917W,39.2083,-98.2917,observed_grid_site
39_2083N_098_2083W,39.2083,-98.2083,observed_grid_site
39_2083N_098_1250W,39.2083,-98.125,observed_grid_site
39_2083N_098_0417W,39.2083,-98.0417,observed_grid_site
39_2083N_097_9583W,39.2083,-97.9583,observed_grid_site
39_2083N_097_8750W,39.2083,-97.875,observed_grid_site
39_2083N_097_7917W,39.2083,-97.7917,observed_grid_site
39_2083N_097_7083W,39.2083,-97.7083,observed_grid_site
39_2083N_097_6250W,39.2083,-97.625,observed_grid_site
39_2083N_097_5417W,39.2083,-97.5417,observed_grid_site
39_2083N_097_4583W,39.2083,-97.4583,observed_grid_site
39_2083N_097_3750W,39.2083,-97.375,observed_grid_site
39_2083N_097_2917W,39.2083,-97.2917,observed_grid_site
39_2083N_097_2083W,39.2083,-97.2083,observed_grid_site
39_2083N_097_1250W,39.2083,-97.125,observed_grid_site
39_2083N_097_0417W,39.2083,-97.0417,observed_grid_site
39_2083N_096_9583W,39.2083,-96.9583,observed_grid_site
39_2083N_096_8750W,39.2083,-96.875,observed_grid_site
39_2083N_096_7917W,39.2083,-96.7917,observed_grid_site
39_2083N_096_7083W,39.2083,-96.7083,observed_grid_site
39_2083N_096_6250W,39.2083,-96.625,observed_grid_site
39_2083N_096_5417W,39.2083,-96.5417,observed_grid_site
39_2083N_096_4583W,39.2083,-96.4583,observed_grid_site
39_2083N_096_3750W,39.2083,-96.375,observed_grid_site
39_2083N_096_2917W,39.2083,-96.2917,observed_grid_site
39_2083N_096_2083W,39.2083,-96.2083,observed_grid_site
39_2083N_096_1250W,39.2083,-96.125,observed_grid_site
39_2083N_096_0417W,39.2083,-96.0417,observed_grid_site
39_2083N_095_9583W,39.2083,-95.9583,observed_grid_site
39_2083N_095_8750W,39.2083,-95.875,observed_grid_site
39_2083N_095_7917W,39.2083,-95.7917,observed_grid_site
39_2083N_095_7083W,39.2083,-95.7083,observed_grid_site
39_2083N_095_6250W,39.2083,-95.625,observed_grid_site
39_2083N_095_5417W,39.2083,-95.5417,observed_grid_site
39_2083N_095_4583W,39.2083,-95.4583,observed_grid_site
39_2083N_095_3750W,39.2083,-95.375,observed_grid_site
39_2083N_095_2917W,39.2083,-95.2917,observed_grid_site
39_2083N_095_2083W,39.2083,-95.2083,observed_grid_site
FILL_39_2908N_095_5443W,39.2908,-95.5443,restored_grid_site
39_2917N_102_0417W,39.2917,-102.0417,observed_grid_site
39_2917N_101_9583W,39.2917,-101.9583,observed_grid_site
39_2917N_101_8750W,39.2917,-101.875,observed_grid_site
39_2917N_101_7917W,39.2917,-101.7917,observed_grid_site
39_2917N_101_7083W,39.2917,-101.7083,observed_grid_site
39_2917N_101_6250W,39.2917,-101.625,observed_grid_site
39_2917N_101_5417W,39.2917,-101.5417,observed_grid_site
39_2917N_101_4583W,39.2917,-101.4583,observed_grid_site
39_2917N_101_3750W,39.2917,-101.375,observed_grid_site
39_2917N_101_2917W,39.2917,-101.2917,observed_grid_site
39_2917N_101_2083W,39.2917,-101.2083,observed_grid_site
39_2917N_101_1250W,39.2917,-101.125,observed_grid_site
39_2917N_101_0417W,39.2917,-101.0417,observed_grid_site
39_2917N_100_9583W,39.2917,-100.9583,observed_grid_site
39_2917N_100_8750W,39.2917,-100.875,observed_grid_site
39_2917N_100_7917W,39.2917,-100.7917,observed_grid_site
39_2917N_100_7083W,39.2917,-100.7083,observed_grid_site
39_2917N_100_6250W,39.2917,-100.625,observed_grid_site
39_2917N_100_5417W,39.2917,-100.5417,observed_grid_site
39_2917N_100_4583W,39.2917,-100.4583,observed_grid_site
39_2917N_100_3750W,39.2917,-100.375,observed_grid_site
39_2917N_100_2917W,39.2917,-100.2917,observed_grid_site
39_2917N_100_2083W,39.2917,-100.2083,observed_grid_site
39_2917N_100_1250W,39.2917,-100.125,observed_grid_site
39_2917N_100_0417W,39.2917,-100.0417,observed_grid_site
39_2917N_099_9583W,39.2917,-99.9583,observed_grid_site
39_2917N_099_8750W,39.2917,-99.875,observed_grid_site
39_2917N_099_7917W,39.2917,-99.7917,observed_grid_site
39_2917N_099_7083W,39.2917,-99.7083,observed_grid_site
39_2917N_099_6250W,39.2917,-99.625,observed_grid_site
39_2917N_099_5417W,39.2917,-99.5417,observed_grid_site
39_2917N_099_4583W,39.2917,-99.4583,observed_grid_site
39_2917N_099_3750W,39.2917,-99.375,observed_grid_site
39_2917N_099_2917W,39.2917,-99.2917,observed_grid_site
39_2917N_099_2083W,39.2917,-99.2083,observed_grid_site
39_2917N_099_1250W,39.2917,-99.125,observed_grid_site
39_2917N_099_0417W,39.2917,-99.0417,observed_grid_site
39_2917N_098_9583W,39.2917,-98.9583,observed_grid_site
39_2917N_098_8750W,39.2917,-98.875,observed_grid_site
39_2917N_098_7917W,39.2917,-98.7917,observed_grid_site
39_2917N_098_7083W,39.2917,-98.7083,observed_grid_site
39_2917N_098_6250W,39.2917,-98.625,observed_grid_site
39_2917N_098_5417W,39.2917,-98.5417,observed_grid_site
39_2917N_098_4583W,39.2917,-98.4583,observed_grid_site
39_2917N_098_3750W,39.2917,-98.375,observed_grid_site
39_2917N_098_2917W,39.2917,-98.2917,observed_grid_site
39_2917N_098_2083W,39.2917,-98.2083,observed_grid_site
39_2917N_098_1250W,39.2917,-98.125,observed_grid_site
39_2917N_098_0417W,39.2917,-98.0417,observed_grid_site
39_2917N_097_9583W,39.2917,-97.9583,observed_grid_site
39_2917N_097_8750W,39.2917,-97.875,observed_grid_site
39_2917N_097_7917W,39.2917,-97.7917,observed_grid_site
39_2917N_097_7083W,39.2917,-97.7083,observed_grid_site
39_2917N_097_6250W,39.2917,-97.625,observed_grid_site
39_2917N_097_5417W,39.2917,-97.5417,observed_grid_site
39_2917N_097_4583W,39.2917,-97.4583,observed_grid_site
39_2917N_097_3750W,39.2917,-97.375,observed_grid_site
39_2917N_097_2917W,39.2917,-97.2917,observed_grid_site
39_2917N_097_2083W,39.2917,-97.2083,observed_grid_site
39_2917N_097_1250W,39.2917,-97.125,observed_grid_site
39_2917N_097_0417W,39.2917,-97.0417,observed_grid_site
39_2917N_096_9583W,39.2917,-96.9583,observed_grid_site
39_2917N_096_8750W,39.2917,-96.875,observed_grid_site
39_2917N_096_7917W,39.2917,-96.7917,observed_grid_site
39_2917N_096_7083W,39.2917,-96.7083,observed_grid_site
39_2917N_096_6250W,39.2917,-96.625,observed_grid_site
39_2917N_096_5417W,39.2917,-96.5417,observed_grid_site
39_2917N_096_4583W,39.2917,-96.4583,observed_grid_site
39_2917N_096_3750W,39.2917,-96.375,observed_grid_site
39_2917N_096_2917W,39.2917,-96.2917,observed_grid_site
39_2917N_096_2083W,39.2917,-96.2083,observed_grid_site
39_2917N_096_1250W,39.2917,-96.125,observed_grid_site
39_2917N_096_0417W,39.2917,-96.0417,observed_grid_site
39_2917N_095_9583W,39.2917,-95.9583,observed_grid_site
39_2917N_095_8750W,39.2917,-95.875,observed_grid_site
39_2917N_095_7917W,39.2917,-95.7917,observed_grid_site
39_2917N_095_7083W,39.2917,-95.7083,observed_grid_site
39_2917N_095_6250W,39.2917,-95.625,observed_grid_site
39_2917N_095_4583W,39.2917,-95.4583,observed_grid_site
39_2917N_095_3750W,39.2917,-95.375,observed_grid_site
39_2917N_095_2917W,39.2917,-95.2917,observed_grid_site
39_2917N_095_2083W,39.2917,-95.2083,observed_grid_site
39_3750N_102_0417W,39.375,-102.0417,observed_grid_site
39_3750N_101_9583W,39.375,-101.9583,observed_grid_site
39_3750N_101_8750W,39.375,-101.875,observed_grid_site
39_3750N_101_7917W,39.375,-101.7917,observed_grid_site
39_3750N_101_7083W,39.375,-101.7083,observed_grid_site
39_3750N_101_6250W,39.375,-101.625,observed_grid_site
39_3750N_101_5417W,39.375,-101.5417,observed_grid_site
39_3750N_101_4583W,39.375,-101.4583,observed_grid_site
39_3750N_101_3750W,39.375,-101.375,observed_grid_site
39_3750N_101_2917W,39.375,-101.2917,observed_grid_site
39_3750N_101_2083W,39.375,-101.2083,observed_grid_site
39_3750N_101_1250W,39.375,-101.125,observed_grid_site
39_3750N_101_0417W,39.375,-101.0417,observed_grid_site
39_3750N_100_9583W,39.375,-100.9583,observed_grid_site
39_3750N_100_8750W,39.375,-100.875,observed_grid_site
39_3750N_100_7917W,39.375,-100.7917,observed_grid_site
39_3750N_100_7083W,39.375,-100.7083,observed_grid_site
39_3750N_100_6250W,39.375,-100.625,observed_grid_site
39_3750N_100_5417W,39.375,-100.5417,observed_grid_site
39_3750N_100_4583W,39.375,-100.4583,observed_grid_site
39_3750N_100_3750W,39.375,-100.375,observed_grid_site
39_3750N_100_2917W,39.375,-100.2917,observed_grid_site
39_3750N_100_2083W,39.375,-100.2083,observed_grid_site
39_3750N_100_1250W,39.375,-100.125,observed_grid_site
39_3750N_100_0417W,39.375,-100.0417,observed_grid_site
39_3750N_099_9583W,39.375,-99.9583,observed_grid_site
39_3750N_099_8750W,39.375,-99.875,observed_grid_site
39_3750N_099_7917W,39.375,-99.7917,observed_grid_site
39_3750N_099_7083W,39.375,-99.7083,observed_grid_site
39_3750N_099_6250W,39.375,-99.625,observed_grid_site
39_3750N_099_5417W,39.375,-99.5417,observed_grid_site
39_3750N_099_4583W,39.375,-99.4583,observed_grid_site
39_3750N_099_3750W,39.375,-99.375,observed_grid_site
39_3750N_099_2917W,39.375,-99.2917,observed_grid_site
39_3750N_099_2083W,39.375,-99.2083,observed_grid_site
39_3750N_099_1250W,39.375,-99.125,observed_grid_site
39_3750N_099_0417W,39.375,-99.0417,observed_grid_site
39_3750N_098_9583W,39.375,-98.9583,observed_grid_site
39_3750N_098_8750W,39.375,-98.875,observed_grid_site
39_3750N_098_7917W,39.375,-98.7917,observed_grid_site
39_3750N_098_7083W,39.375,-98.7083,observed_grid_site
39_3750N_098_6250W,39.375,-98.625,observed_grid_site
39_3750N_098_5417W,39.375,-98.5417,observed_grid_site
39_3750N_098_4583W,39.375,-98.4583,observed_grid_site
39_3750N_098_3750W,39.375,-98.375,observed_grid_site
39_3750N_098_2917W,39.375,-98.2917,observed_grid_site
39_3750N_098_2083W,39.375,-98.2083,observed_grid_site
39_3750N_098_1250W,39.375,-98.125,observed_grid_site
39_3750N_098_0417W,39.375,-98.0417,observed_grid_site
39_3750N_097_9583W,39.375,-97.9583,observed_grid_site
39_3750N_097_8750W,39.375,-97.875,observed_grid_site
39_3750N_097_7917W,39.375,-97.7917,observed_grid_site
39_3750N_097_7083W,39.375,-97.7083,observed_grid_site
39_3750N_097_6250W,39.375,-97.625,observed_grid_site
39_3750N_097_5417W,39.375,-97.5417,observed_grid_site
39_3750N_097_4583W,39.375,-97.4583,observed_grid_site
39_3750N_097_3750W,39.375,-97.375,observed_grid_site
39_3750N_097_2917W,39.375,-97.2917,observed_grid_site
39_3750N_097_2083W,39.375,-97.2083,observed_grid_site
39_3750N_097_1250W,39.375,-97.125,observed_grid_site
39_3750N_097_0417W,39.375,-97.0417,observed_grid_site
39_3750N_096_9583W,39.375,-96.9583,observed_grid_site
39_3750N_096_8750W,39.375,-96.875,observed_grid_site
39_3750N_096_7917W,39.375,-96.7917,observed_grid_site
39_3750N_096_7083W,39.375,-96.7083,observed_grid_site
39_3750N_096_6250W,39.375,-96.625,observed_grid_site
39_3750N_096_5417W,39.375,-96.5417,observed_grid_site
39_3750N_096_4583W,39.375,-96.4583,observed_grid_site
39_3750N_096_3750W,39.375,-96.375,observed_grid_site
39_3750N_096_2917W,39.375,-96.2917,observed_grid_site
39_3750N_096_2083W,39.375,-96.2083,observed_grid_site
39_3750N_096_1250W,39.375,-96.125,observed_grid_site
39_3750N_096_0417W,39.375,-96.0417,observed_grid_site
39_3750N_095_9583W,39.375,-95.9583,observed_grid_site
39_3750N_095_8750W,39.375,-95.875,observed_grid_site
39_3750N_095_7917W,39.375,-95.7917,observed_grid_site
39_3750N_095_7083W,39.375,-95.7083,observed_grid_site
39_3750N_095_6250W,39.375,-95.625,observed_grid_site
39_3750N_095_5417W,39.375,-95.5417,observed_grid_site
39_3750N_095_4583W,39.375,-95.4583,observed_grid_site
39_3750N_095_3750W,39.375,-95.375,observed_grid_site
39_3750N_095_2917W,39.375,-95.2917,observed_grid_site
39_3750N_095_2083W,39.375,-95.2083,observed_grid_site
39_4583N_102_0417W,39.4583,-102.0417,observed_grid_site
39_4583N_101_9583W,39.4583,-101.9583,observed_grid_site
39_4583N_101_8750W,39.4583,-101.875,observed_grid_site
39_4583N_101_7917W,39.4583,-101.7917,observed_grid_site
39_4583N_101_7083W,39.4583,-101.7083,observed_grid_site
39_4583N_101_6250W,39.4583,-101.625,observed_grid_site
39_4583N_101_5417W,39.4583,-101.5417,observed_grid_site
39_4583N_101_4583W,39.4583,-101.4583,observed_grid_site
39_4583N_101_3750W,39.4583,-101.375,observed_grid_site
39_4583N_101_2917W,39.4583,-101.2917,observed_grid_site
39_4583N_101_2083W,39.4583,-101.2083,observed_grid_site
39_4583N_101_1250W,39.4583,-101.125,observed_grid_site
39_4583N_101_0417W,39.4583,-101.0417,observed_grid_site
39_4583N_100_9583W,39.4583,-100.9583,observed_grid_site
39_4583N_100_8750W,39.4583,-100.875,observed_grid_site
39_4583N_100_7917W,39.4583,-100.7917,observed_grid_site
39_4583N_100_7083W,39.4583,-100.7083,observed_grid_site
39_4583N_100_6250W,39.4583,-100.625,observed_grid_site
39_4583N_100_5417W,39.4583,-100.5417,observed_grid_site
39_4583N_100_4583W,39.4583,-100.4583,observed_grid_site
39_4583N_100_3750W,39.4583,-100.375,observed_grid_site
39_4583N_100_2917W,39.4583,-100.2917,observed_grid_site
39_4583N_100_2083W,39.4583,-100.2083,observed_grid_site
39_4583N_100_1250W,39.4583,-100.125,observed_grid_site
39_4583N_100_0417W,39.4583,-100.0417,observed_grid_site
39_4583N_099_9583W,39.4583,-99.9583,observed_grid_site
39_4583N_099_8750W,39.4583,-99.875,observed_grid_site
39_4583N_099_7917W,39.4583,-99.7917,observed_grid_site
39_4583N_099_7083W,39.4583,-99.7083,observed_grid_site
39_4583N_099_6250W,39.4583,-99.625,observed_grid_site
39_4583N_099_5417W,39.4583,-99.5417,observed_grid_site
39_4583N_099_4583W,39.4583,-99.4583,observed_grid_site
39_4583N_099_3750W,39.4583,-99.375,observed_grid_site
39_4583N_099_2917W,39.4583,-99.2917,observed_grid_site
39_4583N_099_2083W,39.4583,-99.2083,observed_grid_site
39_4583N_099_1250W,39.4583,-99.125,observed_grid_site
39_4583N_099_0417W,39.4583,-99.0417,observed_grid_site
39_4583N_098_9583W,39.4583,-98.9583,observed_grid_site
39_4583N_098_8750W,39.4583,-98.875,observed_grid_site
39_4583N_098_7917W,39.4583,-98.7917,observed_grid_site
39_4583N_098_7083W,39.4583,-98.7083,observed_grid_site
39_4583N_098_6250W,39.4583,-98.625,observed_grid_site
39_4583N_098_5417W,39.4583,-98.5417,observed_grid_site
39_4583N_098_4583W,39.4583,-98.4583,observed_grid_site
39_4583N_098_3750W,39.4583,-98.375,observed_grid_site
39_4583N_098_2917W,39.4583,-98.2917,observed_grid_site
39_4583N_098_2083W,39.4583,-98.2083,observed_grid_site
39_4583N_098_1250W,39.4583,-98.125,observed_grid_site
39_4583N_098_0417W,39.4583,-98.0417,observed_grid_site
39_4583N_097_9583W,39.4583,-97.9583,observed_grid_site
39_4583N_097_8750W,39.4583,-97.875,observed_grid_site
39_4583N_097_7917W,39.4583,-97.7917,observed_grid_site
39_4583N_097_7083W,39.4583,-97.7083,observed_grid_site
39_4583N_097_6250W,39.4583,-97.625,observed_grid_site
39_4583N_097_5417W,39.4583,-97.5417,observed_grid_site
39_4583N_097_4583W,39.4583,-97.4583,observed_grid_site
39_4583N_097_3750W,39.4583,-97.375,observed_grid_site
39_4583N_097_2917W,39.4583,-97.2917,observed_grid_site
39_4583N_097_2083W,39.4583,-97.2083,observed_grid_site
39_4583N_097_1250W,39.4583,-97.125,observed_grid_site
39_4583N_097_0417W,39.4583,-97.0417,observed_grid_site
39_4583N_096_9583W,39.4583,-96.9583,observed_grid_site
39_4583N_096_8750W,39.4583,-96.875,observed_grid_site
39_4583N_096_7917W,39.4583,-96.7917,observed_grid_site
39_4583N_096_7083W,39.4583,-96.7083,observed_grid_site
39_4583N_096_6250W,39.4583,-96.625,observed_grid_site
39_4583N_096_5417W,39.4583,-96.5417,observed_grid_site
39_4583N_096_4583W,39.4583,-96.4583,observed_grid_site
39_4583N_096_3750W,39.4583,-96.375,observed_grid_site
39_4583N_096_2917W,39.4583,-96.2917,observed_grid_site
39_4583N_096_2083W,39.4583,-96.2083,observed_grid_site
39_4583N_096_1250W,39.4583,-96.125,observed_grid_site
39_4583N_096_0417W,39.4583,-96.0417,observed_grid_site
39_4583N_095_9583W,39.4583,-95.9583,observed_grid_site
39_4583N_095_8750W,39.4583,-95.875,observed_grid_site
39_4583N_095_7917W,39.4583,-95.7917,observed_grid_site
39_4583N_095_7083W,39.4583,-95.7083,observed_grid_site
39_4583N_095_6250W,39.4583,-95.625,observed_grid_site
39_4583N_095_5417W,39.4583,-95.5417,observed_grid_site
39_4583N_095_4583W,39.4583,-95.4583,observed_grid_site
39_4583N_095_3750W,39.4583,-95.375,observed_grid_site
39_4583N_095_2917W,39.4583,-95.2917,observed_grid_site
39_4583N_095_2083W,39.4583,-95.2083,observed_grid_site
39_4583N_095_1250W,39.4583,-95.125,observed_grid_site
39_4583N_095_0417W,39.4583,-95.0417,observed_grid_site
39_5417N_102_0417W,39.5417,-102.0417,observed_grid_site
39_5417N_101_9583W,39.5417,-101.9583,observed_grid_site
39_5417N_101_8750W,39.5417,-101.875,observed_grid_site
39_5417N_101_7917W,39.5417,-101.7917,observed_grid_site
39_5417N_101_7083W,39.5417,-101.7083,observed_grid_site
39_5417N_101_6250W,39.5417,-101.625,observed_grid_site
39_5417N_101_5417W,39.5417,-101.5417,observed_grid_site
39_5417N_101_4583W,39.5417,-101.4583,observed_grid_site
39_5417N_101_3750W,39.5417,-101.375,observed_grid_site
39_5417N_101_2917W,39.5417,-101.2917,observed_grid_site
39_5417N_101_2083W,39.5417,-101.2083,observed_grid_site
39_5417N_101_1250W,39.5417,-101.125,observed_grid_site
39_5417N_101_0417W,39.5417,-101.0417,observed_grid_site
39_5417N_100_9583W,39.5417,-100.9583,observed_grid_site
39_5417N_100_8750W,39.5417,-100.875,observed_grid_site
39_5417N_100_7917W,39.5417,-100.7917,observed_grid_site
39_5417N_100_7083W,39.5417,-100.7083,observed_grid_site
39_5417N_100_6250W,39.5417,-100.625,observed_grid_site
39_5417N_100_5417W,39.5417,-100.5417,observed_grid_site
39_5417N_100_4583W,39.5417,-100.4583,observed_grid_site
39_5417N_100_3750W,39.5417,-100.375,observed_grid_site
39_5417N_100_2917W,39.5417,-100.2917,observed_grid_site
39_5417N_100_2083W,39.5417,-100.2083,observed_grid_site
39_5417N_100_1250W,39.5417,-100.125,observed_grid_site
39_5417N_100_0417W,39.5417,-100.0417,observed_grid_site
39_5417N_099_9583W,39.5417,-99.9583,observed_grid_site
39_5417N_099_8750W,39.5417,-99.875,observed_grid_site
39_5417N_099_7917W,39.5417,-99.7917,observed_grid_site
39_5417N_099_7083W,39.5417,-99.7083,observed_grid_site
39_5417N_099_6250W,39.5417,-99.625,observed_grid_site
39_5417N_099_5417W,39.5417,-99.5417,observed_grid_site
39_5417N_099_4583W,39.5417,-99.4583,observed_grid_site
39_5417N_099_3750W,39.5417,-99.375,observed_grid_site
39_5417N_099_2917W,39.5417,-99.2917,observed_grid_site
39_5417N_099_2083W,39.5417,-99.2083,observed_grid_site
39_5417N_099_1250W,39.5417,-99.125,observed_grid_site
39_5417N_099_0417W,39.5417,-99.0417,observed_grid_site
39_5417N_098_9583W,39.5417,-98.9583,observed_grid_site
39_5417N_098_8750W,39.5417,-98.875,observed_grid_site
39_5417N_098_7917W,39.5417,-98.7917,observed_grid_site
39_5417N_098_7083W,39.5417,-98.7083,observed_grid_site
39_5417N_098_6250W,39.5417,-98.625,observed_grid_site
39_5417N_098_5417W,39.5417,-98.5417,observed_grid_site
39_5417N_098_4583W,39.5417,-98.4583,observed_grid_site
39_5417N_098_3750W,39.5417,-98.375,observed_grid_site
39_5417N_098_2917W,39.5417,-98.2917,observed_grid_site
39_5417N_098_2083W,39.5417,-98.2083,observed_grid_site
39_5417N_098_1250W,39.5417,-98.125,observed_grid_site
39_5417N_098_0417W,39.5417,-98.0417,observed_grid_site
39_5417N_097_9583W,39.5417,-97.9583,observed_grid_site
39_5417N_097_8750W,39.5417,-97.875,observed_grid_site
39_5417N_097_7917W,39.5417,-97.7917,observed_grid_site
39_5417N_097_7083W,39.5417,-97.7083,observed_grid_site
39_5417N_097_6250W,39.5417,-97.625,observed_grid_site
39_5417N_097_5417W,39.5417,-97.5417,observed_grid_site
39_5417N_097_4583W,39.5417,-97.4583,observed_grid_site
39_5417N_097_3750W,39.5417,-97.375,observed_grid_site
39_5417N_097_2917W,39.5417,-97.2917,observed_grid_site
39_5417N_097_2083W,39.5417,-97.2083,observed_grid_site
39_5417N_097_1250W,39.5417,-97.125,observed_grid_site
39_5417N_097_0417W,39.5417,-97.0417,observed_grid_site
39_5417N_096_9583W,39.5417,-96.9583,observed_grid_site
39_5417N_096_8750W,39.5417,-96.875,observed_grid_site
39_5417N_096_7917W,39.5417,-96.7917,observed_grid_site
39_5417N_096_7083W,39.5417,-96.7083,observed_grid_site
39_5417N_096_6250W,39.5417,-96.625,observed_grid_site
39_5417N_096_5417W,39.5417,-96.5417,observed_grid_site
39_5417N_096_4583W,39.5417,-96.4583,observed_grid_site
39_5417N_096_3750W,39.5417,-96.375,observed_grid_site
39_5417N_096_2917W,39.5417,-96.2917,observed_grid_site
39_5417N_096_2083W,39.5417,-96.2083,observed_grid_site
39_5417N_096_1250W,39.5417,-96.125,observed_grid_site
39_5417N_096_0417W,39.5417,-96.0417,observed_grid_site
39_5417N_095_9583W,39.5417,-95.9583,observed_grid_site
39_5417N_095_8750W,39.5417,-95.875,observed_grid_site
39_5417N_095_7917W,39.5417,-95.7917,observed_grid_site
39_5417N_095_7083W,39.5417,-95.7083,observed_grid_site
39_5417N_095_6250W,39.5417,-95.625,observed_grid_site
39_5417N_095_5417W,39.5417,-95.5417,observed_grid_site
39_5417N_095_4583W,39.5417,-95.4583,observed_grid_site
39_5417N_095_3750W,39.5417,-95.375,observed_grid_site
39_5417N_095_2917W,39.5417,-95.2917,observed_grid_site
39_5417N_095_2083W,39.5417,-95.2083,observed_grid_site
39_5417N_095_1250W,39.5417,-95.125,observed_grid_site
39_6250N_102_0417W,39.625,-102.0417,observed_grid_site
39_6250N_101_9583W,39.625,-101.9583,observed_grid_site
39_6250N_101_8750W,39.625,-101.875,observed_grid_site
39_6250N_101_7917W,39.625,-101.7917,observed_grid_site
39_6250N_101_7083W,39.625,-101.7083,observed_grid_site
39_6250N_101_6250W,39.625,-101.625,observed_grid_site
39_6250N_101_5417W,39.625,-101.5417,observed_grid_site
39_6250N_101_4583W,39.625,-101.4583,observed_grid_site
39_6250N_101_3750W,39.625,-101.375,observed_grid_site
39_6250N_101_2917W,39.625,-101.2917,observed_grid_site
39_6250N_101_2083W,39.625,-101.2083,observed_grid_site
39_6250N_101_1250W,39.625,-101.125,observed_grid_site
39_6250N_101_0417W,39.625,-101.0417,observed_grid_site
39_6250N_100_9583W,39.625,-100.9583,observed_grid_site
39_6250N_100_8750W,39.625,-100.875,observed_grid_site
39_6250N_100_7917W,39.625,-100.7917,observed_grid_site
39_6250N_100_7083W,39.625,-100.7083,observed_grid_site
39_6250N_100_6250W,39.625,-100.625,observed_grid_site
39_6250N_100_5417W,39.625,-100.5417,observed_grid_site
39_6250N_100_4583W,39.625,-100.4583,observed_grid_site
39_6250N_100_3750W,39.625,-100.375,observed_grid_site
39_6250N_100_2917W,39.625,-100.2917,observed_grid_site
39_6250N_100_2083W,39.625,-100.2083,observed_grid_site
39_6250N_100_1250W,39.625,-100.125,observed_grid_site
39_6250N_100_0417W,39.625,-100.0417,observed_grid_site
39_6250N_099_9583W,39.625,-99.9583,observed_grid_site
39_6250N_099_8750W,39.625,-99.875,observed_grid_site
39_6250N_099_7917W,39.625,-99.7917,observed_grid_site
39_6250N_099_7083W,39.625,-99.7083,observed_grid_site
39_6250N_099_6250W,39.625,-99.625,observed_grid_site
39_6250N_099_5417W,39.625,-99.5417,observed_grid_site
39_6250N_099_4583W,39.625,-99.4583,observed_grid_site
39_6250N_099_3750W,39.625,-99.375,observed_grid_site
39_6250N_099_2917W,39.625,-99.2917,observed_grid_site
39_6250N_099_2083W,39.625,-99.2083,observed_grid_site
39_6250N_099_1250W,39.625,-99.125,observed_grid_site
39_6250N_099_0417W,39.625,-99.0417,observed_grid_site
39_6250N_098_9583W,39.625,-98.9583,observed_grid_site
39_6250N_098_8750W,39.625,-98.875,observed_grid_site
39_6250N_098_7917W,39.625,-98.7917,observed_grid_site
39_6250N_098_7083W,39.625,-98.7083,observed_grid_site
39_6250N_098_6250W,39.625,-98.625,observed_grid_site
39_6250N_098_5417W,39.625,-98.5417,observed_grid_site
39_6250N_098_4583W,39.625,-98.4583,observed_grid_site
39_6250N_098_3750W,39.625,-98.375,observed_grid_site
39_6250N_098_2917W,39.625,-98.2917,observed_grid_site
39_6250N_098_2083W,39.625,-98.2083,observed_grid_site
39_6250N_098_1250W,39.625,-98.125,observed_grid_site
39_6250N_098_0417W,39.625,-98.0417,observed_grid_site
39_6250N_097_9583W,39.625,-97.9583,observed_grid_site
39_6250N_097_8750W,39.625,-97.875,observed_grid_site
39_6250N_097_7917W,39.625,-97.7917,observed_grid_site
39_6250N_097_7083W,39.625,-97.7083,observed_grid_site
39_6250N_097_6250W,39.625,-97.625,observed_grid_site
39_6250N_097_5417W,39.625,-97.5417,observed_grid_site
39_6250N_097_4583W,39.625,-97.4583,observed_grid_site
39_6250N_097_3750W,39.625,-97.375,observed_grid_site
39_6250N_097_2917W,39.625,-97.2917,observed_grid_site
39_6250N_097_2083W,39.625,-97.2083,observed_grid_site
39_6250N_097_1250W,39.625,-97.125,observed_grid_site
39_6250N_097_0417W,39.625,-97.0417,observed_grid_site
39_6250N_096_9583W,39.625,-96.9583,observed_grid_site
39_6250N_096_8750W,39.625,-96.875,observed_grid_site
39_6250N_096_7917W,39.625,-96.7917,observed_grid_site
39_6250N_096_7083W,39.625,-96.7083,observed_grid_site
39_6250N_096_6250W,39.625,-96.625,observed_grid_site
39_6250N_096_5417W,39.625,-96.5417,observed_grid_site
39_6250N_096_4583W,39.625,-96.4583,observed_grid_site
39_6250N_096_3750W,39.625,-96.375,observed_grid_site
39_6250N_096_2917W,39.625,-96.2917,observed_grid_site
39_6250N_096_2083W,39.625,-96.2083,observed_grid_site
39_6250N_096_1250W,39.625,-96.125,observed_grid_site
39_6250N_096_0417W,39.625,-96.0417,observed_grid_site
39_6250N_095_9583W,39.625,-95.9583,observed_grid_site
39_6250N_095_8750W,39.625,-95.875,observed_grid_site
39_6250N_095_7917W,39.625,-95.7917,observed_grid_site
39_6250N_095_7083W,39.625,-95.7083,observed_grid_site
39_6250N_095_6250W,39.625,-95.625,observed_grid_site
39_6250N_095_5417W,39.625,-95.5417,observed_grid_site
39_6250N_095_4583W,39.625,-95.4583,observed_grid_site
39_6250N_095_3750W,39.625,-95.375,observed_grid_site
39_6250N_095_2917W,39.625,-95.2917,observed_grid_site
39_6250N_095_2083W,39.625,-95.2083,observed_grid_site
39_6250N_095_1250W,39.625,-95.125,observed_grid_site
39_7083N_102_0417W,39.7083,-102.0417,observed_grid_site
39_7083N_101_9583W,39.7083,-101.9583,observed_grid_site
39_7083N_101_8750W,39.7083,-101.875,observed_grid_site
39_7083N_101_7917W,39.7083,-101.7917,observed_grid_site
39_7083N_101_7083W,39.7083,-101.7083,observed_grid_site
39_7083N_101_6250W,39.7083,-101.625,observed_grid_site
39_7083N_101_5417W,39.7083,-101.5417,observed_grid_site
39_7083N_101_4583W,39.7083,-101.4583,observed_grid_site
39_7083N_101_3750W,39.7083,-101.375,observed_grid_site
39_7083N_101_2917W,39.7083,-101.2917,observed_grid_site
39_7083N_101_2083W,39.7083,-101.2083,observed_grid_site
39_7083N_101_1250W,39.7083,-101.125,observed_grid_site
39_7083N_101_0417W,39.7083,-101.0417,observed_grid_site
39_7083N_100_9583W,39.7083,-100.9583,observed_grid_site
39_7083N_100_8750W,39.7083,-100.875,observed_grid_site
39_7083N_100_7917W,39.7083,-100.7917,observed_grid_site
39_7083N_100_7083W,39.7083,-100.7083,observed_grid_site
39_7083N_100_6250W,39.7083,-100.625,observed_grid_site
39_7083N_100_5417W,39.7083,-100.5417,observed_grid_site
39_7083N_100_4583W,39.7083,-100.4583,observed_grid_site
39_7083N_100_3750W,39.7083,-100.375,observed_grid_site
39_7083N_100_2917W,39.7083,-100.2917,observed_grid_site
39_7083N_100_2083W,39.7083,-100.2083,observed_grid_site
39_7083N_100_1250W,39.7083,-100.125,observed_grid_site
39_7083N_100_0417W,39.7083,-100.0417,observed_grid_site
39_7083N_099_9583W,39.7083,-99.9583,observed_grid_site
39_7083N_099_8750W,39.7083,-99.875,observed_grid_site
39_7083N_099_7917W,39.7083,-99.7917,observed_grid_site
39_7083N_099_7083W,39.7083,-99.7083,observed_grid_site
39_7083N_099_6250W,39.7083,-99.625,observed_grid_site
39_7083N_099_5417W,39.7083,-99.5417,observed_grid_site
39_7083N_099_4583W,39.7083,-99.4583,observed_grid_site
39_7083N_099_3750W,39.7083,-99.375,observed_grid_site
39_7083N_099_2917W,39.7083,-99.2917,observed_grid_site
39_7083N_099_2083W,39.7083,-99.2083,observed_grid_site
39_7083N_099_1250W,39.7083,-99.125,observed_grid_site
39_7083N_099_0417W,39.7083,-99.0417,observed_grid_site
39_7083N_098_9583W,39.7083,-98.9583,observed_grid_site
39_7083N_098_8750W,39.7083,-98.875,observed_grid_site
39_7083N_098_7917W,39.7083,-98.7917,observed_grid_site
39_7083N_098_7083W,39.7083,-98.7083,observed_grid_site
39_7083N_098_6250W,39.7083,-98.625,observed_grid_site
39_7083N_098_5417W,39.7083,-98.5417,observed_grid_site
39_7083N_098_4583W,39.7083,-98.4583,observed_grid_site
39_7083N_098_3750W,39.7083,-98.375,observed_grid_site
39_7083N_098_2917W,39.7083,-98.2917,observed_grid_site
39_7083N_098_2083W,39.7083,-98.2083,observed_grid_site
39_7083N_098_1250W,39.7083,-98.125,observed_grid_site
39_7083N_098_0417W,39.7083,-98.0417,observed_grid_site
39_7083N_097_9583W,39.7083,-97.9583,observed_grid_site
39_7083N_097_8750W,39.7083,-97.875,observed_grid_site
39_7083N_097_7917W,39.7083,-97.7917,observed_grid_site
39_7083N_097_7083W,39.7083,-97.7083,observed_grid_site
39_7083N_097_6250W,39.7083,-97.625,observed_grid_site
39_7083N_097_5417W,39.7083,-97.5417,observed_grid_site
39_7083N_097_4583W,39.7083,-97.4583,observed_grid_site
39_7083N_097_3750W,39.7083,-97.375,observed_grid_site
39_7083N_097_2917W,39.7083,-97.2917,observed_grid_site
39_7083N_097_2083W,39.7083,-97.2083,observed_grid_site
39_7083N_097_1250W,39.7083,-97.125,observed_grid_site
39_7083N_097_0417W,39.7083,-97.0417,observed_grid_site
39_7083N_096_9583W,39.7083,-96.9583,observed_grid_site
39_7083N_096_8750W,39.7083,-96.875,observed_grid_site
39_7083N_096_7917W,39.7083,-96.7917,observed_grid_site
39_7083N_096_7083W,39.7083,-96.7083,observed_grid_site
39_7083N_096_6250W,39.7083,-96.625,observed_grid_site
39_7083N_096_5417W,39.7083,-96.5417,observed_grid_site
39_7083N_096_4583W,39.7083,-96.4583,observed_grid_site
39_7083N_096_3750W,39.7083,-96.375,observed_grid_site
39_7083N_096_2917W,39.7083,-96.2917,observed_grid_site
39_7083N_096_2083W,39.7083,-96.2083,observed_grid_site
39_7083N_096_1250W,39.7083,-96.125,observed_grid_site
39_7083N_096_0417W,39.7083,-96.0417,observed_grid_site
39_7083N_095_9583W,39.7083,-95.9583,observed_grid_site
39_7083N_095_8750W,39.7083,-95.875,observed_grid_site
39_7083N_095_7917W,39.7083,-95.7917,observed_grid_site
39_7083N_095_7083W,39.7083,-95.7083,observed_grid_site
39_7083N_095_6250W,39.7083,-95.625,observed_grid_site
39_7083N_095_5417W,39.7083,-95.5417,observed_grid_site
39_7083N_095_4583W,39.7083,-95.4583,observed_grid_site
39_7083N_095_3750W,39.7083,-95.375,observed_grid_site
39_7083N_095_2917W,39.7083,-95.2917,observed_grid_site
39_7083N_095_2083W,39.7083,-95.2083,observed_grid_site
39_7083N_095_1250W,39.7083,-95.125,observed_grid_site
39_7083N_095_0417W,39.7083,-95.0417,observed_grid_site
39_7917N_102_0417W,39.7917,-102.0417,observed_grid_site
39_7917N_101_9583W,39.7917,-101.9583,observed_grid_site
39_7917N_101_8750W,39.7917,-101.875,observed_grid_site
39_7917N_101_7917W,39.7917,-101.7917,observed_grid_site
39_7917N_101_7083W,39.7917,-101.7083,observed_grid_site
39_7917N_101_6250W,39.7917,-101.625,observed_grid_site
39_7917N_101_5417W,39.7917,-101.5417,observed_grid_site
39_7917N_101_4583W,39.7917,-101.4583,observed_grid_site
39_7917N_101_3750W,39.7917,-101.375,observed_grid_site
39_7917N_101_2917W,39.7917,-101.2917,observed_grid_site
39_7917N_101_2083W,39.7917,-101.2083,observed_grid_site
39_7917N_101_1250W,39.7917,-101.125,observed_grid_site
39_7917N_101_0417W,39.7917,-101.0417,observed_grid_site
39_7917N_100_9583W,39.7917,-100.9583,observed_grid_site
39_7917N_100_8750W,39.7917,-100.875,observed_grid_site
39_7917N_100_7917W,39.7917,-100.7917,observed_grid_site
39_7917N_100_7083W,39.7917,-100.7083,observed_grid_site
39_7917N_100_6250W,39.7917,-100.625,observed_grid_site
39_7917N_100_5417W,39.7917,-100.5417,observed_grid_site
39_7917N_100_4583W,39.7917,-100.4583,observed_grid_site
39_7917N_100_3750W,39.7917,-100.375,observed_grid_site
39_7917N_100_2917W,39.7917,-100.2917,observed_grid_site
39_7917N_100_2083W,39.7917,-100.2083,observed_grid_site
39_7917N_100_1250W,39.7917,-100.125,observed_grid_site
39_7917N_100_0417W,39.7917,-100.0417,observed_grid_site
39_7917N_099_9583W,39.7917,-99.9583,observed_grid_site
39_7917N_099_8750W,39.7917,-99.875,observed_grid_site
39_7917N_099_7917W,39.7917,-99.7917,observed_grid_site
39_7917N_099_7083W,39.7917,-99.7083,observed_grid_site
39_7917N_099_6250W,39.7917,-99.625,observed_grid_site
39_7917N_099_5417W,39.7917,-99.5417,observed_grid_site
39_7917N_099_4583W,39.7917,-99.4583,observed_grid_site
39_7917N_099_3750W,39.7917,-99.375,observed_grid_site
39_7917N_099_2917W,39.7917,-99.2917,observed_grid_site
39_7917N_099_2083W,39.7917,-99.2083,observed_grid_site
39_7917N_099_1250W,39.7917,-99.125,observed_grid_site
39_7917N_099_0417W,39.7917,-99.0417,observed_grid_site
39_7917N_098_9583W,39.7917,-98.9583,observed_grid_site
39_7917N_098_8750W,39.7917,-98.875,observed_grid_site
39_7917N_098_7917W,39.7917,-98.7917,observed_grid_site
39_7917N_098_7083W,39.7917,-98.7083,observed_grid_site
39_7917N_098_6250W,39.7917,-98.625,observed_grid_site
39_7917N_098_5417W,39.7917,-98.5417,observed_grid_site
39_7917N_098_4583W,39.7917,-98.4583,observed_grid_site
39_7917N_098_3750W,39.7917,-98.375,observed_grid_site
39_7917N_098_2917W,39.7917,-98.2917,observed_grid_site
39_7917N_098_2083W,39.7917,-98.2083,observed_grid_site
39_7917N_098_1250W,39.7917,-98.125,observed_grid_site
39_7917N_098_0417W,39.7917,-98.0417,observed_grid_site
39_7917N_097_9583W,39.7917,-97.9583,observed_grid_site
39_7917N_097_8750W,39.7917,-97.875,observed_grid_site
39_7917N_097_7917W,39.7917,-97.7917,observed_grid_site
39_7917N_097_7083W,39.7917,-97.7083,observed_grid_site
39_7917N_097_6250W,39.7917,-97.625,observed_grid_site
39_7917N_097_5417W,39.7917,-97.5417,observed_grid_site
39_7917N_097_4583W,39.7917,-97.4583,observed_grid_site
39_7917N_097_3750W,39.7917,-97.375,observed_grid_site
39_7917N_097_2917W,39.7917,-97.2917,observed_grid_site
39_7917N_097_2083W,39.7917,-97.2083,observed_grid_site
39_7917N_097_1250W,39.7917,-97.125,observed_grid_site
39_7917N_097_0417W,39.7917,-97.0417,observed_grid_site
39_7917N_096_9583W,39.7917,-96.9583,observed_grid_site
39_7917N_096_8750W,39.7917,-96.875,observed_grid_site
39_7917N_096_7917W,39.7917,-96.7917,observed_grid_site
39_7917N_096_7083W,39.7917,-96.7083,observed_grid_site
39_7917N_096_6250W,39.7917,-96.625,observed_grid_site
39_7917N_096_5417W,39.7917,-96.5417,observed_grid_site
39_7917N_096_4583W,39.7917,-96.4583,observed_grid_site
39_7917N_096_3750W,39.7917,-96.375,observed_grid_site
39_7917N_096_2917W,39.7917,-96.2917,observed_grid_site
39_7917N_096_2083W,39.7917,-96.2083,observed_grid_site
39_7917N_096_1250W,39.7917,-96.125,observed_grid_site
39_7917N_096_0417W,39.7917,-96.0417,observed_grid_site
39_7917N_095_9583W,39.7917,-95.9583,observed_grid_site
39_7917N_095_8750W,39.7917,-95.875,observed_grid_site
39_7917N_095_7917W,39.7917,-95.7917,observed_grid_site
39_7917N_095_7083W,39.7917,-95.7083,observed_grid_site
39_7917N_095_6250W,39.7917,-95.625,observed_grid_site
39_7917N_095_5417W,39.7917,-95.5417,observed_grid_site
39_7917N_095_4583W,39.7917,-95.4583,observed_grid_site
39_7917N_095_3750W,39.7917,-95.375,observed_grid_site
39_7917N_095_2917W,39.7917,-95.2917,observed_grid_site
39_7917N_095_2083W,39.7917,-95.2083,observed_grid_site
39_7917N_095_1250W,39.7917,-95.125,observed_grid_site
39_7917N_095_0417W,39.7917,-95.0417,observed_grid_site
39_7917N_094_9583W,39.7917,-94.9583,observed_grid_site
FILL_39_8739N_095_1278W,39.8739,-95.1278,restored_grid_site
FILL_39_8739N_095_0445W,39.8739,-95.0445,restored_grid_site
39_8750N_102_0417W,39.875,-102.0417,observed_grid_site
39_8750N_101_9583W,39.875,-101.9583,observed_grid_site
39_8750N_101_8750W,39.875,-101.875,observed_grid_site
39_8750N_101_7917W,39.875,-101.7917,observed_grid_site
39_8750N_101_7083W,39.875,-101.7083,observed_grid_site
39_8750N_101_6250W,39.875,-101.625,observed_grid_site
39_8750N_101_5417W,39.875,-101.5417,observed_grid_site
39_8750N_101_4583W,39.875,-101.4583,observed_grid_site
39_8750N_101_3750W,39.875,-101.375,observed_grid_site
39_8750N_101_2917W,39.875,-101.2917,observed_grid_site
39_8750N_101_2083W,39.875,-101.2083,observed_grid_site
39_8750N_101_1250W,39.875,-101.125,observed_grid_site
39_8750N_101_0417W,39.875,-101.0417,observed_grid_site
39_8750N_100_9583W,39.875,-100.9583,observed_grid_site
39_8750N_100_8750W,39.875,-100.875,observed_grid_site
39_8750N_100_7917W,39.875,-100.7917,observed_grid_site
39_8750N_100_7083W,39.875,-100.7083,observed_grid_site
39_8750N_100_6250W,39.875,-100.625,observed_grid_site
39_8750N_100_5417W,39.875,-100.5417,observed_grid_site
39_8750N_100_4583W,39.875,-100.4583,observed_grid_site
39_8750N_100_3750W,39.875,-100.375,observed_grid_site
39_8750N_100_2917W,39.875,-100.2917,observed_grid_site
39_8750N_100_2083W,39.875,-100.2083,observed_grid_site
39_8750N_100_1250W,39.875,-100.125,observed_grid_site
39_8750N_100_0417W,39.875,-100.0417,observed_grid_site
39_8750N_099_9583W,39.875,-99.9583,observed_grid_site
39_8750N_099_8750W,39.875,-99.875,observed_grid_site
39_8750N_099_7917W,39.875,-99.7917,observed_grid_site
39_8750N_099_7083W,39.875,-99.7083,observed_grid_site
39_8750N_099_6250W,39.875,-99.625,observed_grid_site
39_8750N_099_5417W,39.875,-99.5417,observed_grid_site
39_8750N_099_4583W,39.875,-99.4583,observed_grid_site
39_8750N_099_3750W,39.875,-99.375,observed_grid_site
39_8750N_099_2917W,39.875,-99.2917,observed_grid_site
39_8750N_099_2083W,39.875,-99.2083,observed_grid_site
39_8750N_099_1250W,39.875,-99.125,observed_grid_site
39_8750N_099_0417W,39.875,-99.0417,observed_grid_site
39_8750N_098_9583W,39.875,-98.9583,observed_grid_site
39_8750N_098_8750W,39.875,-98.875,observed_grid_site
39_8750N_098_7917W,39.875,-98.7917,observed_grid_site
39_8750N_098_7083W,39.875,-98.7083,observed_grid_site
39_8750N_098_6250W,39.875,-98.625,observed_grid_site
39_8750N_098_5417W,39.875,-98.5417,observed_grid_site
39_8750N_098_4583W,39.875,-98.4583,observed_grid_site
39_8750N_098_3750W,39.875,-98.375,observed_grid_site
39_8750N_098_2917W,39.875,-98.2917,observed_grid_site
39_8750N_098_2083W,39.875,-98.2083,observed_grid_site
39_8750N_098_1250W,39.875,-98.125,observed_grid_site
39_8750N_098_0417W,39.875,-98.0417,observed_grid_site
39_8750N_097_9583W,39.875,-97.9583,observed_grid_site
39_8750N_097_8750W,39.875,-97.875,observed_grid_site
39_8750N_097_7917W,39.875,-97.7917,observed_grid_site
39_8750N_097_7083W,39.875,-97.7083,observed_grid_site
39_8750N_097_6250W,39.875,-97.625,observed_grid_site
39_8750N_097_5417W,39.875,-97.5417,observed_grid_site
39_8750N_097_4583W,39.875,-97.4583,observed_grid_site
39_8750N_097_3750W,39.875,-97.375,observed_grid_site
39_8750N_097_2917W,39.875,-97.2917,observed_grid_site
39_8750N_097_2083W,39.875,-97.2083,observed_grid_site
39_8750N_097_1250W,39.875,-97.125,observed_grid_site
39_8750N_097_0417W,39.875,-97.0417,observed_grid_site
39_8750N_096_9583W,39.875,-96.9583,observed_grid_site
39_8750N_096_8750W,39.875,-96.875,observed_grid_site
39_8750N_096_7917W,39.875,-96.7917,observed_grid_site
39_8750N_096_7083W,39.875,-96.7083,observed_grid_site
39_8750N_096_6250W,39.875,-96.625,observed_grid_site
39_8750N_096_5417W,39.875,-96.5417,observed_grid_site
39_8750N_096_4583W,39.875,-96.4583,observed_grid_site
39_8750N_096_3750W,39.875,-96.375,observed_grid_site
39_8750N_096_2917W,39.875,-96.2917,observed_grid_site
39_8750N_096_2083W,39.875,-96.2083,observed_grid_site
39_8750N_096_1250W,39.875,-96.125,observed_grid_site
39_8750N_096_0417W,39.875,-96.0417,observed_grid_site
39_8750N_095_9583W,39.875,-95.9583,observed_grid_site
39_8750N_095_8750W,39.875,-95.875,observed_grid_site
39_8750N_095_7917W,39.875,-95.7917,observed_grid_site
39_8750N_095_7083W,39.875,-95.7083,observed_grid_site
39_8750N_095_6250W,39.875,-95.625,observed_grid_site
39_8750N_095_5417W,39.875,-95.5417,observed_grid_site
39_8750N_095_4583W,39.875,-95.4583,observed_grid_site
39_8750N_095_3750W,39.875,-95.375,observed_grid_site
39_8750N_095_2917W,39.875,-95.2917,observed_grid_site
39_8750N_095_2083W,39.875,-95.2083,observed_grid_site
39_8750N_094_9583W,39.875,-94.9583,observed_grid_site
39_9583N_102_0417W,39.9583,-102.0417,observed_grid_site
39_9583N_101_9583W,39.9583,-101.9583,observed_grid_site
39_9583N_101_8750W,39.9583,-101.875,observed_grid_site
39_9583N_101_7917W,39.9583,-101.7917,observed_grid_site
39_9583N_101_7083W,39.9583,-101.7083,observed_grid_site
39_9583N_101_6250W,39.9583,-101.625,observed_grid_site
39_9583N_101_5417W,39.9583,-101.5417,observed_grid_site
39_9583N_101_4583W,39.9583,-101.4583,observed_grid_site
39_9583N_101_3750W,39.9583,-101.375,observed_grid_site
39_9583N_101_2917W,39.9583,-101.2917,observed_grid_site
39_9583N_101_2083W,39.9583,-101.2083,observed_grid_site
39_9583N_101_1250W,39.9583,-101.125,observed_grid_site
39_9583N_101_0417W,39.9583,-101.0417,observed_grid_site
39_9583N_100_9583W,39.9583,-100.9583,observed_grid_site
39_9583N_100_8750W,39.9583,-100.875,observed_grid_site
39_9583N_100_7917W,39.9583,-100.7917,observed_grid_site
39_9583N_100_7083W,39.9583,-100.7083,observed_grid_site
39_9583N_100_6250W,39.9583,-100.625,observed_grid_site
39_9583N_100_5417W,39.9583,-100.5417,observed_grid_site
39_9583N_100_4583W,39.9583,-100.4583,observed_grid_site
39_9583N_100_3750W,39.9583,-100.375,observed_grid_site
39_9583N_100_2917W,39.9583,-100.2917,observed_grid_site
39_9583N_100_2083W,39.9583,-100.2083,observed_grid_site
39_9583N_100_1250W,39.9583,-100.125,observed_grid_site
39_9583N_100_0417W,39.9583,-100.0417,observed_grid_site
39_9583N_099_9583W,39.9583,-99.9583,observed_grid_site
39_9583N_099_8750W,39.9583,-99.875,observed_grid_site
39_9583N_099_7917W,39.9583,-99.7917,observed_grid_site
39_9583N_099_7083W,39.9583,-99.7083,observed_grid_site
39_9583N_099_6250W,39.9583,-99.625,observed_grid_site
39_9583N_099_5417W,39.9583,-99.5417,observed_grid_site
39_9583N_099_4583W,39.9583,-99.4583,observed_grid_site
39_9583N_099_3750W,39.9583,-99.375,observed_grid_site
39_9583N_099_2917W,39.9583,-99.2917,observed_grid_site
39_9583N_099_2083W,39.9583,-99.2083,observed_grid_site
39_9583N_099_1250W,39.9583,-99.125,observed_grid_site
39_9583N_099_0417W,39.9583,-99.0417,observed_grid_site
39_9583N_098_9583W,39.9583,-98.9583,observed_grid_site
39_9583N_098_8750W,39.9583,-98.875,observed_grid_site
39_9583N_098_7917W,39.9583,-98.7917,observed_grid_site
39_9583N_098_7083W,39.9583,-98.7083,observed_grid_site
39_9583N_098_6250W,39.9583,-98.625,observed_grid_site
39_9583N_098_5417W,39.9583,-98.5417,observed_grid_site
39_9583N_098_4583W,39.9583,-98.4583,observed_grid_site
39_9583N_098_3750W,39.9583,-98.375,observed_grid_site
39_9583N_098_2917W,39.9583,-98.2917,observed_grid_site
39_9583N_098_2083W,39.9583,-98.2083,observed_grid_site
39_9583N_098_1250W,39.9583,-98.125,observed_grid_site
39_9583N_098_0417W,39.9583,-98.0417,observed_grid_site
39_9583N_097_9583W,39.9583,-97.9583,observed_grid_site
39_9583N_097_8750W,39.9583,-97.875,observed_grid_site
39_9583N_097_7917W,39.9583,-97.7917,observed_grid_site
39_9583N_097_7083W,39.9583,-97.7083,observed_grid_site
39_9583N_097_6250W,39.9583,-97.625,observed_grid_site
39_9583N_097_5417W,39.9583,-97.5417,observed_grid_site
39_9583N_097_4583W,39.9583,-97.4583,observed_grid_site
39_9583N_097_3750W,39.9583,-97.375,observed_grid_site
39_9583N_097_2917W,39.9583,-97.2917,observed_grid_site
39_9583N_097_2083W,39.9583,-97.2083,observed_grid_site
39_9583N_097_1250W,39.9583,-97.125,observed_grid_site
39_9583N_097_0417W,39.9583,-97.0417,observed_grid_site
39_9583N_096_9583W,39.9583,-96.9583,observed_grid_site
39_9583N_096_8750W,39.9583,-96.875,observed_grid_site
39_9583N_096_7917W,39.9583,-96.7917,observed_grid_site
39_9583N_096_7083W,39.9583,-96.7083,observed_grid_site
39_9583N_096_6250W,39.9583,-96.625,observed_grid_site
39_9583N_096_5417W,39.9583,-96.5417,observed_grid_site
39_9583N_096_4583W,39.9583,-96.4583,observed_grid_site
39_9583N_096_3750W,39.9583,-96.375,observed_grid_site
39_9583N_096_2917W,39.9583,-96.2917,observed_grid_site
39_9583N_096_2083W,39.9583,-96.2083,observed_grid_site
39_9583N_096_1250W,39.9583,-96.125,observed_grid_site
39_9583N_096_0417W,39.9583,-96.0417,observed_grid_site
39_9583N_095_9583W,39.9583,-95.9583,observed_grid_site
39_9583N_095_8750W,39.9583,-95.875,observed_grid_site
39_9583N_095_7917W,39.9583,-95.7917,observed_grid_site
39_9583N_095_7083W,39.9583,-95.7083,observed_grid_site
39_9583N_095_6250W,39.9583,-95.625,observed_grid_site
39_9583N_095_5417W,39.9583,-95.5417,observed_grid_site
39_9583N_095_4583W,39.9583,-95.4583,observed_grid_site
39_9583N_095_3750W,39.9583,-95.375,observed_grid_site
39_9583N_095_2917W,39.9583,-95.2917,observed_grid_site
